N,P,K,temperature,humidity,ph,rainfall,label,soil_moisture,soil_type,sunlight_exposure,wind_speed,co2_concentration,organic_matter,irrigation_frequency,crop_density,pest_pressure,fertilizer_usage,growth_stage,urban_area_proximity,water_source_type,frost_risk,water_usage_efficiency
90,42,43,20.88,82,6.5,202.94,rice,29.45,2,8.68,10.11,435.61,3.12,4,11.74,57.61,188.19,1,2.72,3,95.65,1.19
85,58,41,21.77,80.32,7.04,226.66,rice,12.85,3,5.75,12.05,401.45,2.14,4,16.8,74.74,70.96,1,4.71,2,77.27,1.75
60,55,44,23,82.32,7.84,263.96,rice,29.36,2,9.88,9.05,357.42,1.47,1,12.65,1.03,191.98,1,30.43,2,18.19,3.04
74,35,40,26.49,80.16,6.98,242.86,rice,26.21,3,8.02,7.96,363.69,8.39,1,10.86,24.09,55.76,3,10.86,3,82.82,1.27
78,42,42,20.13,81.6,7.63,262.72,rice,28.24,2,8.12,19.26,410.36,5.2,3,13.85,38.81,185.26,2,47.19,3,25.47,2.58
69,37,42,23.06,83.37,7.07,251.05,rice,23.61,3,10.87,2.73,428.73,5.96,5,13.48,82.07,135.93,3,42.16,3,43.43,1.75
69,55,38,22.71,82.64,5.7,271.32,rice,15.33,2,8.73,4.72,398.32,7.39,1,13.49,48.81,121.17,1,1.59,3,50.02,3.17
94,53,40,20.28,82.89,5.72,241.97,rice,20.84,3,10.72,6.63,379.85,1.24,4,8.63,80.13,195.74,1,14.42,1,18.09,3.18
89,54,38,24.52,83.54,6.69,230.45,rice,26.64,2,11.6,7.31,446.33,8.82,2,11.26,89.87,73.45,3,48.14,3,98.38,1.53
68,58,38,23.22,83.03,6.34,221.21,rice,24.37,3,6.41,15.4,377.4,4.24,1,11.89,26.54,72.79,1,45.65,2,63.34,4.59
91,53,40,26.53,81.42,5.39,264.61,rice,20.46,2,6.43,18.24,397.47,7.69,3,19.8,43.01,88.35,1,25.44,3,0.8,1.48
90,46,42,23.98,81.45,7.5,250.08,rice,15.4,2,8.55,3.53,387.84,3.31,2,6.02,65.43,162.4,1,36.4,2,79.21,4.96
78,58,44,26.8,80.89,5.11,284.44,rice,15.7,1,5.96,7.9,359.04,6.14,6,7.76,44.78,196.08,3,7.03,3,26.72,1.57
93,56,36,24.01,82.06,6.98,185.28,rice,18.1,3,10.51,4.25,439.91,3.21,2,7.55,80.62,83.06,1,40.42,2,12.45,1.03
94,50,37,25.67,80.66,6.95,209.59,rice,19.74,2,7.61,3.93,431.68,1.15,4,13.52,91.72,78.31,2,10.16,2,30.71,4.41
60,48,39,24.28,80.3,7.04,231.09,rice,23.35,1,10.17,13.21,386.14,8.71,3,14.31,13.36,117.27,3,43.48,1,50.4,1.37
85,38,41,21.59,82.79,6.25,276.66,rice,12.29,1,10.75,19,435.48,8.55,1,15.3,31.43,182.05,3,14.49,2,38.68,1.14
91,35,39,23.79,80.42,6.97,206.26,rice,20.51,2,8.91,5.61,362.08,5.08,5,6.89,14.48,74.49,3,35.15,3,77.87,1.09
77,38,36,21.87,80.19,5.95,224.56,rice,19.86,3,9.6,15.04,449.1,3.29,6,8.67,50.16,75.75,2,4.85,1,83.17,2.29
88,35,40,23.58,83.59,5.85,291.3,rice,25.75,1,5.16,11.97,387.85,8.83,6,13.42,21.43,87.38,2,24.84,2,49.83,1.31
89,45,36,21.33,80.47,6.44,185.5,rice,17.85,1,11.3,2.57,386.91,8.14,2,13.33,90.88,145.36,2,43.28,1,3.07,1.47
76,40,43,25.16,83.12,5.07,231.38,rice,16.93,2,7.19,16.94,380.15,3.76,6,11.44,43.71,69.96,3,9.15,3,94.38,3.67
67,59,41,21.95,80.97,6.01,213.36,rice,13.93,3,8.4,17.44,427.32,4.94,1,5.26,37.08,177.95,3,23.13,3,15.47,2.47
83,41,43,21.05,82.68,6.25,233.11,rice,15.05,1,8.35,1.03,422.16,5.15,2,5.84,71.06,68.95,1,43.62,3,20.14,2.69
98,47,37,23.48,81.33,7.38,224.06,rice,21.67,3,11.4,7.18,387.11,2.52,3,7.67,66.69,56.29,3,33.56,2,77.15,2.63
66,53,41,25.08,80.52,7.78,257,rice,13.74,2,8.23,1.29,434.99,7.42,2,13.42,66.97,162,1,21.86,1,75.12,3.99
97,59,43,26.36,84.04,6.29,271.36,rice,25.53,1,5.03,12.96,354.22,2.32,2,10.72,89.94,123.92,1,15.84,3,80.56,2.78
97,50,41,24.53,80.54,7.07,260.26,rice,16.9,1,7.13,16.29,387.01,4.23,1,9.29,34.13,186.49,3,27.33,1,29.01,4.6
60,49,44,20.78,84.5,6.24,240.08,rice,14.07,1,8.21,18.86,382.4,6.41,4,15.93,42.57,54.46,2,27.51,3,24.08,1.17
84,51,35,22.3,80.64,6.04,197.98,rice,12.42,3,6.5,13.91,385.59,4.85,5,6.14,41.56,123.11,3,15.72,1,49.52,1.46
73,57,41,21.45,84.94,5.82,272.2,rice,24.04,2,7.4,15.98,409.14,2.37,4,14.31,45.58,143.35,1,33.47,1,72.29,3.67
92,35,40,22.18,80.33,6.36,200.09,rice,11.79,2,7.83,19.21,449.75,1.16,3,10.64,32.18,112.79,1,30.48,3,87.23,3.86
85,37,39,24.53,82.74,6.36,224.68,rice,18.58,1,10.68,3.94,440.59,4.72,6,15.79,5,73.55,1,22.97,2,11.03,1.26
98,53,38,20.27,81.64,5.01,270.44,rice,12.17,3,7.41,5.98,437.35,8.66,6,10.99,46.73,134.25,2,49.82,1,41.05,3.47
88,54,44,25.74,83.88,6.15,233.13,rice,23.33,3,11.44,1.12,428.44,5.12,5,8.59,2,127.81,1,2.91,1,71.07,3.48
95,55,42,26.8,82.15,5.95,193.35,rice,23.98,3,11.4,14.24,440.28,2.86,6,19.94,18.59,148.68,1,29.81,3,87.45,4.94
99,57,35,26.76,81.18,5.96,272.3,rice,20.46,1,6.29,15.68,414.95,9.04,6,6.19,2.72,185.99,2,2.1,1,97.67,3.87
95,39,36,23.86,83.15,5.56,285.25,rice,18.2,2,9.66,5.92,423.02,2.37,1,7.62,62.72,57.96,3,10.36,3,6.85,1.05
60,43,44,21.02,82.95,7.42,298.4,rice,19.47,3,10.17,5.61,381.32,6.18,2,13.16,45.73,142.79,2,3.24,2,21.15,2.21
63,44,41,24.17,83.73,5.58,257.03,rice,10.47,3,6.11,11.56,446.16,5.19,5,19.67,13.42,162.28,3,8.47,1,42.23,4.56
62,42,36,22.78,82.07,6.43,248.72,rice,19.71,1,10.67,16.51,415.25,8.75,2,17.75,79.53,65.14,3,44.58,3,6.11,3.61
64,45,43,25.63,83.53,5.53,209.9,rice,17.24,2,10.91,5.99,428.7,2.6,3,14.83,82.17,161.67,3,29.8,1,47.31,1.09
83,60,36,25.6,80.15,6.9,200.83,rice,23.53,3,8.77,8.12,401.05,8.41,1,5.55,86.37,74.73,1,6.33,1,88.26,4.94
82,40,40,23.83,84.81,6.27,298.56,rice,22.69,1,6.61,15.55,437.11,7.03,2,7.03,43.39,195.82,1,3.52,3,36.92,4.65
85,52,45,26.31,82.37,7.22,265.54,rice,10.92,1,9.82,9.75,368.04,1.81,6,14.08,90.09,181.71,1,22.94,3,15.53,2.83
91,35,38,24.9,80.53,6.13,183.68,rice,14.66,1,7.72,18.68,407.89,4.85,6,8.78,99,130.28,2,21.98,2,10.36,3.26
76,49,42,24.96,84.48,5.21,196.96,rice,15.67,3,10.15,9.9,423.1,6.42,3,6.77,88.55,87.02,2,5.51,3,18.33,2.24
74,39,38,23.24,84.59,7.78,233.05,rice,20.82,3,11.91,11.21,392.47,2.51,6,18.05,12.8,57.79,2,8.96,3,3.01,2.39
79,43,39,21.67,80.71,7.06,210.81,rice,16.43,1,8.62,8,373.47,4.29,4,5.72,51.51,151.99,3,39.88,3,95.62,2.78
88,55,45,24.64,80.41,7.73,253.72,rice,14.83,3,7.03,14.43,420.65,1.71,6,15.95,11.01,98.03,1,17.11,2,11.03,4.34
60,36,43,23.43,83.06,5.29,219.9,rice,24.81,1,7.17,7.12,409.32,2.26,6,14.05,41.56,90.25,1,4.34,3,40.45,1.18
76,60,39,20.05,80.35,6.77,208.58,rice,10.91,2,9.52,4.54,446.21,9.71,2,12.28,98.53,126.16,3,6.66,1,41.3,3.34
93,56,42,23.86,82.23,7.38,195.09,rice,29.15,1,8.71,8.01,364.43,7.24,3,9.94,25.97,130.24,1,31.22,2,62.38,3.89
65,60,43,21.97,81.9,5.66,227.36,rice,21.28,3,9.69,14.76,359.34,1.56,3,15.13,70.63,101.31,1,10.19,3,50,4.33
95,52,36,26.23,83.84,5.54,286.51,rice,16.4,1,9.51,9.96,410.98,3.75,4,13.67,14.43,124.09,2,21.75,3,36.9,1.73
75,38,39,23.45,84.79,6.22,283.93,rice,13.1,3,10.11,17.37,420.7,1.84,2,11.01,99.43,141.51,1,14.24,2,78.34,3.66
74,54,38,25.66,83.47,7.12,217.38,rice,21.99,1,8.36,6.43,372.5,5.27,3,7.12,10.95,63.71,2,5.29,3,73.15,3.86
91,36,45,24.44,82.45,5.95,267.98,rice,23.16,3,11.58,0.76,414.96,3.56,6,6.26,51.32,58.53,1,6.71,1,83.26,4
71,46,40,20.28,82.12,7.24,191.95,rice,14.51,3,10.08,19.27,419.84,7.46,2,11.35,70.21,131.48,2,10.73,2,10.48,4.99
99,55,35,21.72,80.24,6.5,277.96,rice,13.54,1,9.15,17.43,399.28,7.79,6,13.84,59.37,53.32,1,4.53,1,32.66,1.56
72,40,38,20.41,82.21,7.59,245.15,rice,14.59,3,10.99,1.79,393.2,3.9,6,5.41,8.7,53.45,3,18.26,3,20.93,3.26
83,58,45,25.76,83.52,5.88,245.66,rice,14.7,1,10.1,16.1,425.3,9.35,5,18.36,10.45,90.09,2,19.06,1,74.35,4.56
93,58,38,20.62,83.77,6.93,279.55,rice,19.57,3,8.96,17.6,430.71,5.78,4,14.37,1.21,67.82,3,7.73,2,30.76,1.17
70,36,42,21.84,80.73,6.95,202.38,rice,13.83,2,9.14,13.33,366.16,3.64,1,14.75,28.64,59.55,2,49.18,3,77.94,1.88
76,47,42,20.08,83.29,5.74,263.64,rice,12.8,1,8.49,14.79,361.02,1.99,4,7.3,13.45,134.01,2,42.93,3,66.24,3.45
99,41,36,24.46,82.75,6.74,182.56,rice,16.95,1,10.02,14.28,401.14,4.53,3,11.81,47.84,170.65,3,33.35,1,23.66,3.63
99,54,37,21.14,80.34,5.59,198.67,rice,15.39,3,9.36,2.65,353.12,9.11,6,17.88,66.88,60.56,1,29.34,2,23.26,1.46
86,59,35,25.79,82.11,6.95,243.51,rice,10.31,1,7.19,8.51,401.45,1.24,4,7.32,23.52,71.63,2,33.88,2,1.91,4.54
69,46,41,23.64,80.29,5.01,263.11,rice,18.88,2,10.83,15.84,428.43,8.28,6,7.04,66.47,161.15,2,11.68,1,43.39,3.1
91,56,37,23.43,80.57,6.36,269.5,rice,23.37,2,10.63,7.06,431.44,4.6,4,13.76,32.29,139.17,1,40.37,3,58.59,2.54
61,52,41,24.98,83.89,6.88,204.8,rice,18.83,2,10.81,1.57,426.83,2.78,5,15.48,41.72,188.18,2,6.2,3,75.91,4.21
67,45,38,22.73,82.17,7.3,260.89,rice,26.47,3,9.14,14.54,392.15,9.76,2,7.15,31.22,92.15,2,4.19,2,75.07,2.97
79,42,37,24.87,82.84,6.59,295.61,rice,28.48,1,9.98,16.82,352.6,6.5,6,11.31,85.21,108.03,2,29.13,2,52.85,3.75
78,43,42,21.32,83,7.28,192.32,rice,26.96,3,11.51,13.17,405.79,8.96,6,5.51,15.56,127.87,3,49.68,2,44.24,4.47
75,54,36,26.29,84.57,7.02,257.49,rice,12.69,1,10.11,16.37,378.88,5.71,5,14.35,30.01,177.64,1,4.97,3,79.48,4.56
97,36,45,22.23,81.86,6.94,278.08,rice,21.74,2,8.56,12.92,387.73,3.05,2,15.39,22.18,110.18,1,27.38,3,3.72,4.98
67,47,44,26.73,81.79,7.87,280.4,rice,11.75,2,7.74,8.82,416.61,7.95,6,11.48,47.62,104.48,1,6.98,1,62.49,3.77
73,35,38,24.89,81.98,5.01,185.95,rice,16.51,3,10.92,2.84,391.06,2.63,3,7.38,81.31,98.54,3,34.22,2,48.72,4.37
77,36,37,26.88,81.46,6.14,194.58,rice,29.62,3,6.98,2.26,442.4,1.17,5,16.57,85.82,162.13,2,36.65,3,34.56,1.55
81,41,38,22.68,83.73,7.52,200.91,rice,25.62,1,7.69,9.81,417.59,5.68,4,18.8,20.12,198.32,3,38.48,3,91.78,2.51
68,57,43,26.09,80.38,5.71,182.9,rice,19.69,2,10.2,1.11,424.73,4.29,2,17.07,62.14,82.95,1,27.79,1,65.29,3.81
72,45,35,25.43,82.95,5.76,195.36,rice,11.88,2,9.97,1.39,359.43,1.33,2,7.41,74.65,135.74,3,36.01,1,33.11,3.18
61,53,43,26.4,81.06,6.35,223.37,rice,28.76,1,10.21,5.07,387.74,9.61,4,17.63,6.95,94.5,3,31.02,1,57.3,4.56
67,43,39,26.04,84.97,6,186.75,rice,16.75,1,11.32,3.01,365.87,2.36,2,7.02,99.31,156.72,1,39.72,3,60.27,1.75
67,58,39,25.28,80.54,5.45,220.12,rice,12.61,1,8.17,16.11,361.39,1.4,3,8.36,5.26,192.23,2,31.94,1,75.56,4.84
66,60,38,22.09,83.47,6.37,231.74,rice,28.3,2,9.38,17.5,371.37,1.98,5,17.25,12.73,80.4,3,17.07,1,62.23,1.73
82,43,38,23.29,81.43,5.11,242.32,rice,27.22,1,5.57,17.03,405.5,6.07,5,16.19,92.53,194.85,2,32.03,1,63.6,4.7
84,50,44,25.49,81.41,5.94,182.65,rice,17.89,2,8.45,10.59,388.47,3.94,1,5.18,79.06,197.88,1,30.2,3,79.2,3.74
81,53,42,23.68,81.04,5.18,233.7,rice,25.95,2,11.86,6.49,415.95,3.27,3,10.03,4.28,102.72,1,39.16,3,64.54,4.35
91,50,40,20.82,84.13,6.46,230.22,rice,12.51,2,10.67,4.41,396.47,6.97,5,11.43,45.21,136.03,2,2.85,2,52.18,1.17
93,53,38,26.93,81.91,7.07,290.68,rice,28.26,1,6.38,18.91,352.44,7.7,2,16.21,83.05,69.78,1,20.24,1,57.56,2.3
90,44,38,23.84,83.88,7.47,241.2,rice,13.91,1,6.99,18.16,380.08,6.68,4,17.14,3.98,186.93,2,24.12,1,98.19,2.57
81,45,35,26.53,80.12,6.16,218.92,rice,10.66,3,10.31,1.98,383.25,5.79,2,12.46,21.71,165.79,1,12.37,2,12.09,2.51
78,40,38,26.46,83.86,7.55,248.23,rice,17.12,2,8.44,3.38,399.37,2.71,4,14.86,89.47,163.6,3,41.68,1,1.99,2.21
60,51,36,22.7,82.81,6.03,257,rice,16.19,1,6.42,9.3,354.79,4.39,3,7.99,33.92,184.35,3,19.05,2,31.95,2.71
88,46,42,22.68,83.46,6.6,194.27,rice,23.82,1,5.12,13.98,357.58,4.55,1,7.28,88.79,118.59,3,29.93,2,48.16,2.49
93,47,37,21.53,82.14,6.5,295.92,rice,27.74,2,5.43,7.13,449.12,9.15,5,7.41,69.63,125.67,3,6.85,2,90.86,3.77
60,55,45,21.41,83.33,5.94,287.58,rice,11.52,3,6.46,18.37,392.94,1.28,1,10.64,69.65,130.37,3,7.71,1,8.73,1.46
78,35,44,26.54,84.67,7.07,183.62,rice,14.78,1,7,14.83,388.53,2.05,3,15.95,5.21,172.42,1,24.7,2,19.92,2.76
65,37,40,23.36,83.6,5.33,188.41,rice,28.97,1,10.34,11.06,421.02,9.39,4,5.48,29.14,81.78,1,13.16,2,55.36,4.28
71,54,16,22.61,63.69,5.75,87.76,maize,28.16,1,10.46,14.64,418.13,8.56,1,17.4,91.21,162.71,2,15.25,2,61.72,3.8
61,44,17,26.1,71.57,6.93,102.27,maize,20.08,1,10.29,12.84,365.48,8.45,1,14.26,15.85,60.32,1,31.1,2,6.8,3.01
80,43,16,23.56,71.59,6.66,66.72,maize,15.37,2,6.34,0.1,418.97,1.08,5,9.99,52.26,90.04,2,29.02,3,77.93,4.86
73,58,21,19.97,57.68,6.6,60.65,maize,27.03,2,6.34,16.3,409.41,5.08,3,7.36,52.05,121.57,1,11.18,2,67.65,3.57
61,38,20,18.48,62.7,5.97,65.44,maize,26.65,3,6.95,17.67,422.22,2.37,2,8.26,55.33,135.47,1,34.89,2,44.15,1.41
68,41,16,21.78,57.81,6.16,102.09,maize,16.92,3,9.28,5.54,427.29,7.96,3,10.35,63.23,156.83,1,10.08,1,64.89,3.86
93,41,17,25.62,66.5,6.05,105.47,maize,23.19,2,10.02,19.12,361.93,9.17,5,12.18,49.22,70.01,3,1.32,2,2.8,4.98
89,60,19,25.19,66.69,5.91,78.07,maize,23.96,3,7.97,12.41,375.05,6.04,4,13.5,62.61,69.14,3,1.86,1,47.86,3.62
76,44,17,20.42,62.55,5.86,65.28,maize,25.44,1,8.13,11.34,365.6,8.1,3,5.78,73.55,127.24,2,48.57,2,13.02,2.97
67,60,25,24.92,66.79,5.75,109.22,maize,18.81,1,7.36,4.95,410.56,3.29,2,12.55,73.15,97.43,1,13.16,3,62.71,1.38
70,44,19,23.32,73.45,5.85,94.3,maize,18.36,3,9.94,10.71,394.41,3.24,4,13.1,31.93,143.02,3,16.21,2,66.24,1.2
90,49,21,24.84,68.36,6.47,74.05,maize,15.48,3,11.29,13.77,366.5,1.03,5,8.32,45.23,130.08,1,31.59,1,31.91,1.21
62,52,16,22.28,58.84,6.97,63.87,maize,28.82,1,9.36,6.87,362.52,4.31,6,12.55,46.38,156.54,2,4.84,3,17.87,4.36
92,44,16,18.88,65.77,6.08,94.76,maize,16.52,3,9.54,5.34,411.56,3.7,2,8.48,4.18,64.91,2,5.24,3,67.76,3.57
66,54,21,25.19,60.2,5.92,72.12,maize,20.22,2,7.42,19.15,351.66,1.63,2,14.15,70.05,163.92,3,5.79,1,52.43,4.79
63,58,22,18.25,55.28,6.2,63.72,maize,29.56,2,11.19,6.48,357.81,1.17,5,8.08,88.47,83.28,1,10.76,1,14.99,3.84
70,47,17,24.61,70.42,6.6,104.16,maize,20.02,1,10.77,12.05,392.71,6.4,5,10.87,12.8,111.7,2,31.74,2,64.73,1.41
61,41,17,25.14,65.26,6.02,76.68,maize,29.56,1,9.57,12.42,395.61,4.88,5,13.67,34.76,102.33,1,29.05,2,4.41,4.25
66,53,19,23.09,60.12,6.03,65.5,maize,17.78,3,8.14,15.69,394.98,6.42,5,17.55,25.57,166.57,3,33.1,2,57.64,2.47
74,55,19,18.05,62.89,6.29,84.24,maize,28.36,3,7.68,18.63,380.8,2.64,4,13.72,86.71,55.12,3,16.07,1,49.74,2.05
77,57,21,24.93,73.8,6.55,79.74,maize,25.08,1,10.4,15.48,386.86,6.72,5,9.15,94.91,169.54,2,4.95,1,73.17,4.49
99,50,15,18.15,71.09,5.57,88.08,maize,16.48,1,9.38,16.88,371.81,6.92,4,7.47,26.76,86.61,1,37.86,2,42.23,4.16
74,56,22,18.28,66.66,6.83,80.98,maize,10.56,3,10.83,17.99,364.68,5.32,6,5.2,83.78,58.47,1,10.75,3,46.48,4.47
83,45,21,18.83,58.75,5.72,79.75,maize,20.71,1,9.89,0,435.28,9.29,4,18.2,57.89,178.58,2,0.78,2,49.55,2.53
100,48,16,25.72,67.22,5.55,74.51,maize,21.23,1,11.95,13.95,431.98,2.37,1,13.41,40.98,179.69,2,44.03,3,82.44,1.49
79,51,16,25.34,68.5,6.59,96.46,maize,26.55,1,11.91,12.73,417.67,8.41,2,9.75,72.02,129,3,37.18,1,72.45,2.5
94,39,18,23.89,57.49,5.89,102.83,maize,19.78,3,10.34,14.66,414.88,3.34,3,18.6,13.06,116.72,3,13.66,3,61.86,4.24
75,49,15,21.54,71.51,5.92,102.49,maize,13.37,2,5.21,0.44,393.03,4.11,6,15.24,9.18,109.04,1,3.22,3,9.17,2.47
78,48,22,23.09,63.1,5.59,70.43,maize,11.77,3,10.03,1.13,374.76,7.13,1,12.62,43.37,79.36,2,0.05,1,84.83,4.43
87,54,20,25.62,63.47,6.58,108.83,maize,20.71,1,11.93,0.79,402.95,1.45,2,10.48,62.57,194.47,2,27.62,2,52.21,3.33
87,35,25,21.45,63.16,6.18,65.89,maize,12.02,2,7.03,9.64,437.67,9.09,1,5.14,1.47,138.78,2,8.46,3,76.42,3.9
63,43,19,18.52,55.53,6.64,90.99,maize,10.83,2,11.59,15.77,360.13,8.29,1,8.44,32.12,68.21,1,34.45,1,97.23,1.73
84,57,25,22.54,67.99,6.49,64.41,maize,10.31,3,5.32,12.33,393.38,7.91,2,12.32,68.7,62.52,2,42.76,1,20.84,1.97
64,35,23,23.02,61.89,5.68,63.04,maize,25.99,2,7.93,6.93,391.69,5.89,6,5.47,72.32,98.3,2,18.16,1,88.01,1.47
60,46,22,24.89,65.61,6.63,87.93,maize,16.12,2,9.35,5.66,390.82,9.11,3,7.91,15.73,138.24,1,28.9,2,46.76,2.31
98,44,21,25.77,74.09,6.52,107.49,maize,16.18,2,7.14,15.38,380.37,7.41,2,8.96,97.09,148.06,1,42.67,1,76.81,1.96
75,56,18,19.4,62.36,5.7,60.95,maize,15.51,3,5.69,11.44,403.27,9.44,4,13.59,38.87,181.36,1,49.08,1,97.46,1.39
86,55,21,21.54,59.64,6.8,109.75,maize,25.41,2,5.42,13.95,422.93,7.54,1,14.53,33.13,177.39,3,40.21,3,48.45,2.56
98,35,18,23.8,74.83,6.25,91.76,maize,22.69,1,7.99,5.31,431.12,6.16,1,19.93,53.36,175.05,1,9.8,1,1.29,4.45
76,57,18,18.98,74.53,6.09,94.26,maize,28.78,3,10.55,10.82,449.7,1.55,5,12.71,37.19,161.27,1,31.39,1,32.85,1.08
99,56,17,24.11,73.13,6.23,71.08,maize,14.7,3,8.68,12.65,428.6,9.33,3,7.81,76.32,79.45,2,27.4,1,93.12,4.45
60,44,23,24.79,70.05,5.72,76.73,maize,17.63,2,10.17,6.97,366.41,8.58,4,7.04,0.56,132.21,3,30.61,3,10.72,3.41
74,48,17,21.63,60.28,6.43,69.22,maize,25.58,3,8.84,3.35,424.68,3.75,2,9.3,0.04,166.05,3,49.24,3,42.82,2.7
89,60,17,25.38,57.21,5.98,101.7,maize,24.4,1,5.59,12.19,397.45,1.13,3,7.48,20.8,132.89,1,38.35,2,39.83,4.36
69,51,23,22.22,72.85,6.8,106.62,maize,22.42,1,11.84,7.25,420.94,1.4,1,12.52,57.09,173.4,3,17.02,2,1.84,2.77
96,46,22,20.58,69,6.5,66.29,maize,14.49,1,10.19,6.26,437.93,3.18,1,6.18,27.92,69.15,1,43.29,2,30.94,1.17
61,60,15,24.88,68.74,6.27,91.26,maize,21.26,3,7.08,18.39,444.8,4.64,2,14.26,8.67,107.43,3,37.54,3,46.6,2.42
74,58,18,20.04,56.36,6.73,109.02,maize,25.01,1,8.51,11.61,417.01,4.61,1,14.9,79.47,115.02,1,19.15,1,60.18,2.62
74,43,23,25.95,61.89,6.33,99.58,maize,27.46,1,7.89,10.13,393.78,9.25,5,18.85,55.01,105.38,2,23.45,2,87.9,2.94
63,43,17,19.29,65.47,6.81,71.32,maize,28.44,2,5.28,11.57,411.32,1.66,1,10.16,99.9,60.88,3,0.42,2,37.65,2.12
99,36,20,20.58,65.35,6.67,78.35,maize,25.41,1,9.2,17.27,352.76,4.57,6,15.44,35.87,64.62,3,7.02,3,25.79,2.09
77,36,23,24.71,56.73,6.65,88.45,maize,28.44,2,10.11,18.91,354.67,1.96,2,10.69,62.76,128.23,2,12.89,2,8.23,4.42
87,60,23,20.27,63.91,6.44,62.5,maize,17.18,3,5.82,8.72,430.72,5.38,5,17.84,99.87,149.42,2,9.7,3,76.39,1.82
60,38,17,18.42,64.24,6.47,76.41,maize,20.86,2,9.47,13.72,385.27,3.25,5,16.16,52.33,53.06,3,8.56,1,46.65,1.85
94,54,17,23.39,61.74,5.87,107.32,maize,20.17,1,5.31,2.15,387.52,3.81,5,15.98,11.17,148.78,1,45.41,1,37.4,2.31
95,38,22,19.85,61.25,5.73,100.77,maize,27.24,1,10.28,17.99,422.46,4.43,3,16.04,18.97,95.12,1,21.45,2,10.09,1.08
84,44,21,21.87,61.91,5.85,107.27,maize,25.75,1,5.1,14.52,429.39,7.23,5,17.83,20.02,151.2,2,6.92,1,49.49,3.13
77,58,19,22.81,56.51,5.79,101.6,maize,14.63,3,9.95,3.18,421.15,1.21,6,11.78,11.57,170.47,1,47.95,1,64.45,3.85
66,44,20,19.08,69.02,6.74,80.73,maize,18.42,2,10.2,14.58,395.02,4.52,1,18.44,40.46,118.16,2,20.95,3,65.25,3.85
63,35,16,22.03,65.36,6.27,83.73,maize,11.81,2,6.04,10.24,412.98,4.25,3,6.75,74.16,97.05,3,42.75,3,78.45,2.94
79,45,20,23.81,59.25,5.72,89.96,maize,20.04,3,9.8,3.49,361.79,1.95,3,12.65,10.36,129.43,2,24.95,3,49.07,3.83
72,60,25,18.53,69.03,5.77,88.1,maize,18.1,1,8.23,3.14,436.45,8.92,6,12.36,14.66,111.93,1,3.29,2,79.35,1.05
67,51,24,23.5,61.32,5.58,64.78,maize,29.26,3,11.72,1.31,370.47,8.77,3,17.66,50.94,185.47,2,7.83,3,17.06,1.77
86,36,24,26.55,72.89,5.79,73.34,maize,19.33,1,8.04,19.15,390.85,9.41,3,14.08,18.23,156.81,2,25.59,1,80.47,1.9
76,48,18,19.3,69.63,5.78,83.21,maize,16.3,2,10.96,17.96,363.03,2.01,3,6.35,78.09,179.1,3,47.26,3,48.37,1.53
75,53,18,20.69,59.44,6.86,103.65,maize,15.48,3,7.96,3.34,421.3,3.91,3,15.25,98.68,96.76,1,5.06,1,67.94,2.39
81,45,23,19.33,68.03,6.19,84.23,maize,26.57,3,5.19,6.69,377.59,8.67,5,6.29,83.34,74.38,3,48.98,1,61,1.95
73,45,21,24.61,73.59,6.64,96.59,maize,15.55,2,7.66,14.6,448.07,2.18,3,7.03,81.54,156.22,1,17.63,3,18.15,3.54
71,35,24,22.27,59.52,5.83,67.97,maize,15.75,3,8.52,15.55,369.18,2.87,1,11.49,16.64,50.51,1,0.75,2,7.52,1.1
96,54,22,25.7,61.33,6.96,83.21,maize,17.36,1,8.13,6.88,386.27,9.32,6,17.8,24.1,56.75,2,41.8,3,81.83,4.43
99,39,18,19.2,68.31,6.11,87.85,maize,16.25,1,8.59,19.14,426.65,7.53,4,8.19,39.94,80.96,3,34.25,3,21.85,2.69
62,48,20,21.7,60.47,6.71,95.71,maize,18.87,2,6.75,17.68,403.72,9.31,4,5.69,70.62,86.33,1,43.4,1,49.37,1.32
86,37,16,20.52,59.21,5.56,67.61,maize,24.78,2,11.12,14.86,366.99,8.78,1,12.02,47.36,125.67,2,45.27,1,7.37,1.19
94,50,19,23.3,73.63,5.87,97.59,maize,15.79,3,6.68,3.95,435.57,8.37,4,19.81,62.3,83.55,2,0.32,2,95.28,2.24
76,39,24,24.25,55.65,7,64.24,maize,15.12,2,8.46,4.8,424.68,4.04,4,11.72,51.12,72.83,3,41.53,2,55.53,2.04
77,52,17,24.86,65.74,5.71,75.82,maize,11.79,3,5.89,12.59,448.92,3.19,6,10.36,10.03,118.76,2,46.38,2,39.94,4.07
74,39,23,22.63,65.77,6.78,88.17,maize,27.32,3,11.19,7.63,352.9,7.31,1,11.18,57.01,72.76,2,22.77,2,8.06,2.57
81,49,20,18.04,60.61,5.51,104.23,maize,13.14,2,10.2,3.48,397.44,3.28,2,5.41,44.75,88.41,2,46.2,2,38.31,1.12
63,42,21,23.26,72.33,5.8,67.1,maize,17.32,1,7.85,4.1,365.45,1.96,6,9.16,5.08,111.12,3,18.01,3,16.36,4.1
99,38,21,22.88,71.6,6.35,67.73,maize,25.15,2,8.37,14.48,415.76,4.22,5,14.38,96.47,183.84,1,28.08,3,3.13,4.09
90,52,25,25.97,69.36,6.82,103.22,maize,21.99,1,10.34,16.58,442.54,4.6,2,7.91,50.71,117.78,3,42.69,3,89.51,2.87
68,40,19,26.14,66.21,6.66,107.24,maize,24.61,3,6.17,9.88,418.13,4.23,4,5.46,45.55,132.01,3,7.33,2,4.54,3
60,57,24,18.66,61.55,6.12,75.03,maize,23.86,1,7.27,3.06,406.44,7.95,2,5.85,43.67,153.6,2,21.19,3,11.76,4.86
71,52,18,25.11,55.98,5.79,78.16,maize,24.42,3,10.55,12.4,366.08,4.26,2,5.8,57.42,109.84,3,42.5,1,89.56,3.7
61,59,17,23.34,59.25,6.47,105.01,maize,22.22,2,9.93,14.58,387.53,7.02,5,16.95,4.49,191.48,3,10.24,3,68.86,2.72
88,38,15,25.08,65.92,6.46,62.49,maize,14.87,1,8.71,13.27,422.06,3.58,2,6.44,94.98,132.19,2,0.91,3,99.19,1.6
65,60,22,25.37,72.52,6.61,107.91,maize,15.39,1,11.34,13.23,408.26,7.74,2,16.91,83.87,163.2,2,43.69,1,31.13,4.86
78,37,22,25.34,63.32,6.33,74.52,maize,25.53,2,8.27,16,449.11,5,6,13.23,31.7,184.61,1,49.48,3,33.96,2.82
78,58,15,25.01,67.82,6.53,62.91,maize,21.42,2,7.38,14.92,382.74,9.32,5,8.08,2.44,119.71,3,22.81,3,36.6,2.3
92,60,23,18.67,71.52,5.72,69.93,maize,29.8,1,9.16,8.02,370.58,7.76,6,19.39,56.44,113.79,1,26.34,1,68.44,1.4
79,59,17,20.38,63.74,6.64,108.51,maize,22.52,2,9.03,11.16,377.17,6.83,2,15.07,76.47,79.49,3,24.74,2,44.74,3.25
91,55,15,18.09,72.61,6.38,78.96,maize,22.16,2,9.29,1.45,429.06,4.09,4,12.2,95.38,69.08,2,18.87,1,67.9,3.05
76,51,18,26.17,71.96,6.25,79.85,maize,25.2,2,6.43,15.86,357.19,7.06,2,11.61,73.88,51.71,2,25.52,1,10.02,4.38
87,48,25,18.65,61.38,6.66,93.62,maize,10.83,3,11.1,17.25,418.16,2.52,4,17.49,64.99,107.8,2,37.45,2,16.91,3.57
71,60,22,26.07,59.37,6.2,85.76,maize,26.51,1,11.6,14.29,424.22,7.04,6,13.34,43.89,168.16,1,28.24,3,34.17,2.63
90,57,24,18.93,72.8,6.16,82.34,maize,14.2,1,7.51,2.91,357.47,9.4,6,9.97,47.73,157.48,3,25.11,3,31.02,2.68
67,35,22,23.31,63.25,6.39,108.76,maize,14.64,2,5.67,5.6,442.15,1.98,4,8.07,32.77,87.94,1,6.18,3,40.4,1.13
60,54,19,18.75,62.5,6.42,70.23,maize,27.44,1,7.02,19.4,427.49,8.57,3,5.19,99.42,129.96,1,9.08,1,45.16,2.78
83,58,23,19.74,59.66,6.38,65.51,maize,23.88,3,8.63,18.83,357.12,5.08,2,14.18,27.72,191.18,2,8.45,1,91.71,3.64
83,57,19,25.73,70.75,6.88,98.74,maize,11.32,2,11.44,7.37,356.09,2.88,6,6.31,99.38,155.85,1,21.19,1,25.96,4.17
40,72,77,17.02,16.99,7.49,88.55,chickpea,17.88,1,11.45,4.01,395.28,4.18,3,19.54,84.22,62.12,3,4.4,3,88.6,4.25
23,72,84,19.02,17.13,6.92,79.93,chickpea,27.06,3,11.88,2.82,416.8,3.55,6,9.49,33.12,59.7,3,38.38,3,10.03,3.31
39,58,85,17.89,15.41,6,68.55,chickpea,10.33,3,9.04,18.26,386.13,9.38,3,17.48,38.18,144.33,2,41.7,3,81.64,3.85
22,72,85,18.87,15.66,6.39,88.51,chickpea,19.19,1,10.86,13,351.42,3.19,3,14.22,95.49,168.06,2,15.51,2,21,2.21
36,67,77,18.37,19.56,7.15,79.26,chickpea,17.4,3,8.92,5.89,358.18,1.79,4,6.42,91.48,50.23,2,34.14,2,90.48,4.35
32,73,81,20.45,15.4,5.99,92.68,chickpea,17.39,3,7.32,12.37,409.71,9.93,4,19.2,64.85,83.42,2,26.07,1,18.19,2.24
58,70,84,20.65,16.61,6.23,74.66,chickpea,11.86,1,8.08,14.88,370.41,4.93,5,19.78,44.94,97.37,3,44.8,2,38.36,2.08
59,70,84,17.33,18.75,7.55,82.62,chickpea,20.81,1,6.06,9.74,410.06,4.29,4,7.53,66.09,129.05,1,8.34,3,75.23,1.5
42,62,75,18.18,18.9,7.01,81.85,chickpea,16.86,2,10.9,18.72,363.14,8.71,5,12.16,27.82,124.79,3,25.92,3,76.1,4.29
28,74,81,18.01,18.31,8.75,81.99,chickpea,28.19,1,11.02,0.78,447.06,6.06,1,14.81,8.82,173.18,2,43.72,2,53.23,2.49
58,66,79,20.99,19.33,8.72,93.55,chickpea,16.38,3,7.64,9.44,425.54,7.39,1,11.38,69.62,65.75,3,15.16,3,81.56,1.86
43,66,79,19.46,15.23,7.98,74.59,chickpea,18.65,3,8.68,7.77,392.42,5.37,5,5.71,25.22,60.05,2,40.55,2,45.73,4.71
58,63,81,19.81,14.7,6.52,78.97,chickpea,16.23,2,7.23,7.44,410.87,9.55,5,6.05,88.8,62.91,3,39.73,2,37.46,2.13
23,62,85,18.97,19.52,8.49,80.71,chickpea,25.46,3,8.79,0.86,350.66,8.63,5,14.11,47.12,124.48,1,47.65,1,4.68,3.16
27,62,77,18.2,14.71,6.58,70.18,chickpea,16.66,3,11.8,16.24,447.04,3.52,6,9.99,74.22,186.97,2,26.1,2,63.83,3.3
28,72,84,18.73,19.18,6.48,71.58,chickpea,25.14,2,6.41,2.02,391.69,3.69,1,19.19,29.55,181.74,1,18.6,1,1.23,3.37
50,56,76,21,19.86,7.97,73.51,chickpea,18.09,3,5.38,6.61,417.65,7.2,2,15.42,1.66,198.77,1,30.83,2,3.01,1.28
39,71,84,20.28,16.4,8.14,82.52,chickpea,17.55,2,10.42,19.69,398.77,8.3,6,10.47,66.89,119.37,3,5.6,1,49.24,1.02
25,78,76,17.48,15.76,7.23,66.97,chickpea,10.38,1,8.91,3.5,391.45,5.48,1,5.85,73.59,195.97,1,32.77,3,55.03,1.21
31,70,77,20.89,14.32,6.49,90.46,chickpea,26.23,1,6.77,2.43,360.01,8.59,6,19.87,94.38,133.99,3,24.06,3,3.03,3.55
26,80,83,17.08,16.15,7.53,71.31,chickpea,21.29,1,11.45,9.41,449.16,5.54,6,17.47,91.76,148.44,2,25.57,3,48.01,4.16
25,68,77,20.09,15.11,7.7,85.75,chickpea,21.98,1,8.02,10.4,361.55,4.94,3,15.44,80.56,80.62,3,19.92,2,33.32,4.56
31,78,76,17.57,15,8.52,89.31,chickpea,10.14,2,10.55,18.26,363.83,6.15,5,10.99,15.33,142.25,3,1.66,3,18.86,1.29
60,68,83,19.12,18.43,6.62,85.53,chickpea,21.16,2,10.41,6.78,427.21,4.97,5,12.37,54.18,114.06,1,23.73,2,1.93,1.9
59,62,83,18.58,19.22,8.1,72.95,chickpea,29.25,2,5.31,15.47,363.2,9.28,5,18.05,74.52,83.19,1,9.5,2,37.5,4.27
22,67,78,17.17,14.42,6.2,72.33,chickpea,12.75,2,5.25,8.1,435.32,7.74,4,13.64,78.92,174.66,2,37.32,3,45.04,2.75
36,65,80,18.29,16.68,6.05,74.87,chickpea,19.95,1,11.6,17.23,416.15,1.58,5,19.86,41.02,73.87,1,12.33,1,60.34,1.93
59,60,84,19.03,18.67,7.69,94.71,chickpea,28.16,1,5.36,11.4,438.41,1.29,1,13.4,62.45,68.57,1,48.66,1,74.93,1.55
54,77,85,17.14,17.07,7.83,83.75,chickpea,14.95,1,6.32,6.74,351,9.45,1,16.62,26.4,64.47,1,41.23,2,73.99,4.24
43,68,81,17.48,17.93,6.76,78.92,chickpea,29.55,1,10.92,3.76,405.73,9.97,2,14.16,30.61,169.62,3,38.2,2,99.51,1.11
28,76,82,20.57,14.26,6.65,83.76,chickpea,25.71,1,10.15,6.06,381.34,2.34,5,7.56,1.05,93.72,3,31.94,1,0.05,4.1
42,79,85,17.22,15.82,6.13,76.58,chickpea,18.75,3,6.57,6.71,367.36,2.82,1,18.26,46.8,152.2,1,45.03,3,64.59,3.4
32,60,83,19.69,19.44,8.83,91.76,chickpea,19.78,2,10.75,4.7,389.42,5.05,5,15.44,32.48,124.82,1,30.41,2,53.25,1.14
22,78,76,17.85,19.09,8.62,76.32,chickpea,25.01,2,10,11.71,379.88,4.14,6,5.14,28.75,150.65,2,19.36,3,68.83,4.54
31,79,75,18.82,16.11,8.2,89.73,chickpea,23.17,2,7.45,8.15,401.03,7.71,5,11.86,39.97,84.67,2,18.85,3,67.17,2.98
28,58,81,17.48,16.54,6.18,93.35,chickpea,12.15,1,6.79,16.67,396.13,4.6,3,15.01,53.57,64.52,3,49.78,2,64.46,3.42
57,58,77,18.73,17.58,7.98,81.2,chickpea,11.48,2,8.98,6.39,436.54,1.31,5,12.53,63.32,101.35,2,34.83,3,89.18,1.07
49,55,78,18.66,16.18,7.86,81.71,chickpea,27.45,3,8.89,14.39,418.86,5.06,5,8.69,57.74,115.37,1,6.42,1,33.51,3.86
46,76,77,18.24,19.69,6.97,83.75,chickpea,13.26,2,8.62,3.83,402.1,9.02,3,18.52,52.29,199.66,1,9.88,2,84.69,1.49
54,61,77,18.81,15.22,6.21,77.54,chickpea,24.22,2,6.71,17.37,414.37,5.13,1,17.2,57.26,156.58,2,32.81,3,77.24,1.83
38,60,76,18.65,17.81,8.87,77.93,chickpea,29.99,1,11.58,8.08,381.43,3.97,6,17.31,19.29,189.12,2,19.86,2,34.91,3.95
59,55,79,20.37,16.9,8.77,82.25,chickpea,27.08,3,9.78,10.68,412.4,4.07,6,19.78,94.18,142.98,3,11.98,2,83.36,4.66
36,76,75,18.38,16.64,8.74,70.52,chickpea,20.39,1,10.54,2.63,427.45,4.62,4,12.25,28.59,59.36,2,4.52,2,4.33,1.05
57,68,81,17.17,17.3,8.08,72.79,chickpea,22.79,3,7.62,13.28,370.42,8.34,1,5.95,40.12,71.39,1,34.27,2,47.48,4.56
35,66,81,19.37,15.77,6.14,85.25,chickpea,18.08,3,11.89,3.29,432.51,7.34,5,9.95,23.08,194.71,3,36.8,3,98.95,2.66
35,64,78,17.93,14.27,7.5,85.37,chickpea,22.79,3,8.82,12.09,386.61,6.94,6,18.5,85.53,139.35,1,6.89,2,2.06,3.35
52,60,79,19.45,18.23,8.38,75.63,chickpea,15,3,5.1,10.16,360.45,4.94,1,8.02,87.18,54.33,2,39.49,2,93.85,1.62
27,76,83,19.13,14.92,6.29,89.62,chickpea,21.54,3,9.29,14.59,384.26,5.07,5,19.16,56.01,89.09,2,32.06,2,30.34,4.43
57,60,84,19.1,17.26,6.59,75.49,chickpea,26.77,2,10.75,19.82,408.31,4.8,1,11.53,6.87,96.52,1,12.11,1,63.09,4.57
52,68,78,17.49,16.96,6.9,86.05,chickpea,24.62,2,8.11,9.51,424.11,7.35,3,6.18,0.9,109.26,3,40.95,3,35.02,2.64
43,79,79,19.41,18.98,7.81,80.25,chickpea,26.39,3,6.45,1.15,442.79,7.27,6,17.19,30.84,86.07,2,17.99,1,85.1,3.88
44,74,85,20.19,19.64,7.15,78.26,chickpea,19.63,1,11.98,17.7,414.34,7.64,5,8.57,22.69,73.09,2,24.66,2,4.44,2.94
24,55,78,17.3,15.15,6.65,75.58,chickpea,18.53,1,6.81,4.95,430.12,6.11,2,8.16,48.73,189.53,1,34.73,1,4.51,1.71
29,77,75,17.5,15.48,7.78,72.94,chickpea,21.74,1,6,13.05,396.76,9.07,3,16.14,73.05,150.56,1,15.72,1,94.39,1.23
20,60,78,18.17,14.7,6.36,90.78,chickpea,22.04,3,11.56,8.22,395.71,5.03,6,8.09,59.81,197.43,1,18.88,3,62.23,4.91
56,67,78,17.57,16.72,8.26,77.82,chickpea,21.06,2,9.25,3.16,423.95,4.36,2,10.44,39.97,84.7,2,22.93,2,20.17,3.18
37,66,85,20.93,18.91,6.46,78.07,chickpea,24.82,2,6.28,13.94,402.38,4.4,1,7,44.62,80.68,2,14.8,3,72.36,2.29
49,71,76,19.71,17.64,6.61,85.58,chickpea,29.94,1,5.55,15.36,404.23,3.59,3,6.25,19.67,59.7,2,29.68,1,86.22,2.92
59,69,80,19.08,17.87,8.17,69.41,chickpea,29.02,1,9.5,5.17,387.46,1.3,6,14.54,75.79,119.74,1,38.53,2,72.6,2.98
20,79,77,18.55,16.03,7.65,76.33,chickpea,11.67,3,8.36,13.02,399.65,7.21,5,12.06,24.32,123.38,3,17.15,2,39.24,3.38
24,56,85,18.2,17.41,6.55,80.64,chickpea,21.8,2,9.98,6.18,400.39,3.66,4,17.91,77.87,54.31,1,31.18,3,45.35,3.71
51,72,75,18.89,14.99,7.1,80.11,chickpea,18.07,1,9.11,16.19,388.06,5.8,5,19.03,37.86,175.88,1,15.52,3,95.36,4.73
57,73,85,18.49,14.72,7.36,91.95,chickpea,24.04,3,7.39,15.69,353.55,1.07,5,15.05,33.68,117.33,3,44.45,2,39.93,2.57
22,64,82,19.49,17.17,6.47,87.51,chickpea,14.24,2,7.17,9.04,364.16,8.83,1,9.28,31.64,190.95,3,16.86,3,72.86,1.98
52,73,79,17.26,18.75,7.84,94,chickpea,11.83,3,10.38,4.35,439.9,2.7,6,15.07,56.1,93.51,1,24.03,2,17.9,4.94
29,75,75,19.62,18.71,7.06,88.46,chickpea,15.9,3,10.69,2.51,444.89,2.17,4,13.8,1.38,98.16,3,32.51,1,79.35,1.54
44,59,78,20.68,19.85,7.6,84.78,chickpea,19.95,1,5.07,12.1,444.82,8.75,5,6.39,44.32,162.32,2,3.72,2,12.42,4.24
41,69,82,20.02,16.63,6.72,68.98,chickpea,28.25,2,6.92,7.13,371.8,9.64,2,11.28,39.82,143.99,2,35.65,1,23.95,3.31
52,56,85,20.12,14.44,6.82,88.68,chickpea,11.66,2,10.48,15.71,364.31,3.92,5,14.95,79.02,197.02,2,45.74,3,48.8,4.46
34,76,80,20.66,15.85,7.99,65.24,chickpea,29.98,3,5.47,14.21,394.82,1.1,3,16.96,62.39,126.45,3,43.4,1,94.73,1.38
42,74,83,19.26,14.28,7.55,65.78,chickpea,27.39,1,9.6,12.27,415.59,2.4,3,7.19,71.2,53.94,3,37.32,1,56.84,1.39
34,71,79,17.93,15.86,7.73,74.64,chickpea,26.48,2,8.97,5.33,392.71,6.68,5,9.21,47.37,116.56,3,23.83,3,29.53,4.9
27,73,79,19.16,15.84,7.35,82.7,chickpea,26.68,3,8.18,19.15,353.86,7.08,4,11.42,51.24,160.17,2,32.63,2,61.19,3.3
30,70,79,20.27,19.97,7.31,69.64,chickpea,19.74,1,10.82,0.04,378.5,8.56,2,19.38,43.66,82.33,2,22.19,2,88.28,3.17
57,57,75,17.09,18.25,7.79,87.27,chickpea,28.38,3,10.28,14.73,389.14,5.53,5,12.91,29.07,171.68,2,37.31,2,15.83,3.05
27,79,82,17.07,17.54,6.31,70.87,chickpea,13.36,1,6.74,10.58,400.56,6.22,4,7.8,68.91,111.93,3,20.33,1,9.5,3.36
32,71,85,20.63,14.44,6.4,92.07,chickpea,26.94,2,5.61,19.36,441.32,4.01,2,14.58,28.68,63.17,2,28.46,3,97.54,2.2
31,76,82,20.82,17.85,7.6,79.21,chickpea,12.78,3,10,4.71,421.88,3.94,4,12.58,61.59,135.56,1,46.84,1,53.08,4.16
33,75,84,19.46,18.73,7.22,68.81,chickpea,27.1,2,11.14,4.29,372.9,4.73,2,19.62,67.04,161.18,3,47.11,3,95.03,2.74
47,80,77,17.18,16.43,7.56,72.85,chickpea,28.9,3,6.19,7.29,407.58,1.73,5,9.87,44.72,72.6,2,19.91,2,71.02,3.26
54,62,80,17.49,16.39,7.49,79.46,chickpea,13.32,3,8.29,17.71,365.26,4.59,5,13.14,96.81,174.13,1,12.41,3,44.2,3.59
47,79,78,17.48,14.76,6.61,65.11,chickpea,27.3,2,9.31,5.51,441.16,4.04,5,19.09,21.19,136.66,2,49.26,3,69.32,1.48
35,57,83,19.48,17.45,7.48,80.5,chickpea,12.97,1,7.75,9.13,436.44,7.87,6,19.38,81.96,50.95,3,21.24,3,16.36,1.67
53,73,77,19.71,18.1,7.33,73.64,chickpea,28.48,3,10.17,18.91,383.32,5.75,3,8.76,21.64,78.16,3,28.9,1,65.18,2.78
45,61,78,19.49,16.06,6.49,81.53,chickpea,22.84,3,8.67,15.89,421.4,2.22,5,18.07,24.98,72.45,3,19.88,3,9.49,2.37
37,78,79,19.95,14.83,7.79,88.68,chickpea,14.9,1,8.87,16.31,353.42,2.18,2,13.74,64.78,127.87,3,13.66,2,27.08,4.54
30,75,81,19.42,16.8,6.41,68.5,chickpea,11.28,2,6.69,15.07,416.27,7.73,3,6.77,14.87,117.7,1,18.47,2,75.27,4.3
37,55,82,19.46,18.02,8.42,78.45,chickpea,16.87,2,5.45,14.22,366.74,1.8,5,10.33,85.77,55.61,3,13.15,2,82.91,3.02
53,65,76,20.19,16.42,8.72,77.34,chickpea,13.25,2,6.28,16.13,449.2,5.15,5,8.81,88.86,108.91,3,18.89,3,34.65,3.22
22,60,85,18.84,14.74,7.81,94.78,chickpea,11.53,2,8.72,10.95,385.69,9.36,6,15.47,55.7,169.09,1,4.13,3,45.01,1.93
60,61,78,20.71,19.84,6.32,94.04,chickpea,11.11,3,11.33,13.38,377.57,7.66,3,16.1,85.67,95.45,2,19.85,1,51.76,3
42,67,77,18.99,15.94,7.11,78.7,chickpea,15.18,1,6.51,12.09,372.13,1.09,3,5.57,67.64,188.77,2,47.46,3,30.92,3.19
39,76,76,19.97,15.57,8.14,69.16,chickpea,22.35,2,6.71,6.85,379.67,9.95,1,6.08,78.49,168.94,3,35.96,2,95.71,2.41
35,63,76,17.82,17.61,7.71,90.82,chickpea,22.87,2,8.56,12.38,445.51,7.24,5,19.39,41.91,132.29,1,8.15,1,44.15,2.17
30,65,82,20.71,15.28,7.1,76.78,chickpea,10.76,3,5.1,6.33,417.75,2.55,3,11.99,93.45,152.22,1,27.04,1,37.59,1.67
57,56,78,17.34,18.76,8.86,67.95,chickpea,24.78,3,8.89,6.67,406.96,6.8,3,5.88,58.06,79.1,2,32.54,2,24.15,3.52
48,65,78,17.44,14.34,7.86,73.09,chickpea,26.67,2,7.53,14.44,416.76,3.83,6,13.83,55.82,95.01,3,39.65,1,57.72,3.98
36,56,83,18.9,19.76,7.45,69.1,chickpea,13.84,2,11.09,9.14,385.38,1.04,5,7.11,15.47,87.89,2,23.04,1,97.92,4.89
40,58,75,18.59,14.78,7.17,89.61,chickpea,16.85,3,8.96,13.81,386.42,9.74,2,16.24,38.97,170.2,2,33.17,2,47.78,3.05
49,69,82,18.32,15.36,7.26,81.79,chickpea,11.82,2,9.98,3.73,351,6.85,4,8.06,0.42,97.47,2,37.94,1,40.62,2.97
13,60,25,17.14,20.6,5.69,128.26,kidneybeans,27.51,1,9.52,5.08,426.68,8.68,2,12.05,69.17,111.49,1,22.49,3,0.89,3.64
25,70,16,19.63,18.91,5.76,106.36,kidneybeans,24.96,2,6.23,19.76,352.23,8.22,5,8.93,61.75,196.43,2,43.9,2,97.73,2.67
31,55,22,22.91,21.34,5.87,109.23,kidneybeans,17.82,2,9.82,4.07,409.81,8.21,2,7.17,39.76,144.96,2,1.5,2,76.77,2.5
40,64,16,16.43,24.24,5.93,140.37,kidneybeans,25.65,2,7.69,9.57,396.43,9.52,1,8.56,12.56,148.33,2,9.76,1,93.9,4.32
2,61,20,22.14,23.02,5.96,76.64,kidneybeans,26.5,1,6.88,5,353.22,8.1,5,19.51,77.16,129.84,2,48.81,3,71.98,3.75
26,65,22,17.85,18.78,5.95,143.1,kidneybeans,10.02,2,7.99,2.33,426.15,7.49,2,7.42,79.62,72.46,3,40.62,2,44.01,3.25
17,57,21,19.88,20.32,5.79,60.92,kidneybeans,16.54,2,9.8,7.02,350.23,7,4,9.44,59.98,77.51,1,5.96,2,42.75,3.31
26,80,18,19.33,23.33,5.58,104.78,kidneybeans,20.6,3,8.1,18.2,428.91,9.02,2,13.23,5.37,93.16,1,19.11,1,96.62,4.51
17,59,17,18.42,23.43,5.69,132.98,kidneybeans,26.77,3,8.69,16.66,423.06,5.53,1,15.6,88.84,187.9,3,29.07,3,32.92,2.1
27,59,22,21.81,23.21,5.79,130.06,kidneybeans,18.43,1,10.15,14.87,377.46,8.15,4,5.71,42.17,54.3,3,49.61,2,8.1,3.46
28,58,24,19.73,18.28,5.75,143.76,kidneybeans,24.96,2,6.65,3.59,391.48,8.31,4,15.1,94.57,121.03,3,46.65,1,91.68,2.74
25,57,19,17.15,19.87,5.57,88,kidneybeans,13.67,3,6.86,14.36,436.66,1.57,1,19.18,57.37,58.41,3,49.52,2,4.43,1.41
28,80,17,19.62,18.67,5.81,144.16,kidneybeans,28.83,3,7.3,19.37,387.74,9.66,4,6.79,5.95,158.53,3,24.96,3,23.28,1.9
25,60,22,21.63,21.18,5.89,134.36,kidneybeans,16.43,3,11.43,0.79,441.78,5.86,5,15.66,94.74,156.23,2,9.67,3,24.38,3.68
12,78,23,16.07,18.72,6,88.07,kidneybeans,14.43,1,6.71,14.87,398.27,6.25,3,19.31,11.95,98.63,2,37.66,2,18.36,2.05
6,77,25,20.61,24.36,5.79,69.64,kidneybeans,10.81,2,6.06,8.84,389.24,2.71,3,7.37,57.82,50.52,1,9.03,1,40.42,4.93
22,79,17,21.42,20.4,5.91,116.52,kidneybeans,14.15,2,10.6,10,377.15,6.22,2,8.41,75.99,95.35,1,21.19,3,5.4,1.23
27,80,15,19.07,21.21,5.79,86.22,kidneybeans,28.75,2,5.36,5.55,376.8,3.66,4,14.21,16.41,118.48,1,37.32,3,25.76,4.24
10,55,23,21.19,19.63,5.73,137.19,kidneybeans,16.02,3,8.12,2.53,354.06,4.86,5,11.87,18.63,131.6,1,8.5,1,36.69,3
23,65,20,23.04,22.43,5.83,108.37,kidneybeans,10.08,2,6.74,4.94,430.58,3.57,2,9.56,83.51,186.91,3,18.54,2,15.64,4.44
19,78,16,20.65,23.11,5.97,67.72,kidneybeans,13.94,1,9.27,10.27,365.23,2.43,5,11.86,92.68,154.49,2,37.2,2,13.31,1.51
19,65,25,18.1,18.29,5.63,144.79,kidneybeans,22.91,2,11.93,1.53,431.98,7.72,6,17.08,85.9,128.9,3,6.19,3,82.77,4.03
22,70,19,18.24,21.08,5.52,69.45,kidneybeans,16.62,3,6.24,7.24,415.35,2.82,3,15.81,12.25,184.06,2,12.26,2,78.96,3.64
37,64,22,17.48,18.83,5.95,121.94,kidneybeans,20.71,1,9.76,12.93,366.03,9.46,2,16.36,40.6,133.63,3,22.81,1,18.7,1.75
11,71,17,19.92,21.47,5.75,82.69,kidneybeans,26.76,3,10.91,8.14,401.24,1.18,5,8.62,50.4,179.13,3,22.48,1,17.96,3.94
18,79,20,20.28,23.24,5.88,139.75,kidneybeans,14.44,3,5.11,5.1,441.04,4.08,2,5.18,81.1,96.03,3,49.37,2,68.9,2.26
21,63,17,15.77,19.23,5.98,108.34,kidneybeans,28.34,2,6.09,16.78,385.12,2.14,5,16.84,43.56,188.23,3,29.92,3,69.2,2.87
24,80,22,16.71,19.18,5.64,96.77,kidneybeans,28.27,2,8.06,11.86,444.16,3.59,3,7.81,58.08,60.39,1,47.11,2,75.44,3.68
34,60,22,17.66,18.15,5.64,100.67,kidneybeans,12.45,2,10.28,15.09,442.15,5.62,4,13.03,96.13,137.97,1,27.24,2,90.87,1.05
16,75,21,18.51,23.62,5.68,87.05,kidneybeans,26.09,3,10.9,11.64,412.54,7.42,2,8.48,23.38,71.51,2,30.05,2,45.09,3.34
17,77,23,24.51,20.82,5.67,64.19,kidneybeans,29.6,3,6.88,5.83,396.71,4.75,4,8.56,3.37,183.57,1,25.52,2,55.23,3.97
37,72,18,18.88,24.54,5.72,105.41,kidneybeans,16.07,2,6.71,4.48,389.58,5.41,2,8.8,22.21,187.64,3,31.72,2,71.68,2.85
40,73,20,21.59,20.32,5.81,61.14,kidneybeans,21.1,1,6.67,10.08,391.13,6.45,2,5.88,31.65,126.34,2,33.01,1,2,3.83
9,77,17,20.12,24.45,5.78,106.16,kidneybeans,25.96,1,6.43,11.99,441.11,7.2,1,6.15,68.82,197.96,1,24.33,2,93.73,1.65
1,62,23,15.44,18.37,5.61,139.03,kidneybeans,22.59,1,9.32,18.02,416.1,6.82,3,11.45,29.42,56.05,1,24.2,2,83.85,4.66
33,59,22,22.64,21.59,5.95,122.39,kidneybeans,11.97,2,8.69,17.74,407.68,5.97,6,16.84,48.7,197.86,1,31.09,3,90.2,1.66
23,59,19,21.99,24.87,5.85,129.57,kidneybeans,29.11,3,11.43,2.72,396.05,7.24,4,17.28,23.51,146.88,1,47.59,1,84.62,2.11
6,62,22,20.53,18.09,5.82,120.45,kidneybeans,15.12,1,10.69,12.31,406.72,8.55,1,15.16,11.38,89.51,1,45.27,1,80.07,3.23
25,63,20,15.79,21.15,5.5,95.17,kidneybeans,24.58,3,5.36,3.39,443.66,9.25,3,12.9,54.9,57.44,2,15.08,2,69.73,4.01
7,79,23,19.64,19.69,5.82,96.66,kidneybeans,16.48,2,11.6,10.58,387.98,5.38,4,10.91,16.98,137.44,3,14.2,1,8.72,1.23
8,72,17,20.57,19.75,5.71,87.88,kidneybeans,16.25,3,6.99,19.83,412.14,9.58,3,18.72,65.57,104.9,3,7.18,2,73.06,2.02
27,64,15,20.16,24.84,5.51,138.24,kidneybeans,29.87,2,7.7,4.79,354.33,5.27,3,7.5,62.9,79.82,3,44.28,1,72.96,3.03
28,66,23,21.54,24.25,6,120.69,kidneybeans,19.83,3,11.74,14.53,400.62,7.1,5,17.42,95.82,52.91,3,19.3,3,33.81,4.84
32,57,18,15.54,23.76,5.7,107.39,kidneybeans,26.76,3,9.45,11.95,442.94,7.56,3,10.72,38.83,176.81,3,47.79,2,75.29,1.05
27,56,22,19.92,20.7,5.83,108.64,kidneybeans,27.76,3,9.72,3.14,445.16,5.04,3,18.77,50.56,171.52,3,19.44,1,29.56,2.56
17,77,24,20.77,18.93,5.57,109.02,kidneybeans,26.2,2,11.38,12.81,350,6.45,4,18.56,77.09,88.04,3,18.64,1,0.48,3.03
0,65,15,23.46,23.22,5.65,95.84,kidneybeans,20.47,2,9.2,0.97,356.98,6.6,3,18.36,77.76,67.72,2,45.89,1,8.42,2.94
13,72,21,24.32,21.03,5.82,60.28,kidneybeans,16.07,2,8.02,17.41,381.78,7.46,6,14.1,78.77,180.02,1,12.46,1,10.1,2.79
34,60,23,20.13,24.97,5.66,100.05,kidneybeans,15.69,1,7.05,3.41,415.67,1.47,4,11.18,89.6,168.05,2,47.33,1,45.23,2.29
9,80,19,21.81,18.57,5.95,125.1,kidneybeans,21.35,1,5.27,6.95,351.81,2.2,3,9.01,4.57,160.57,3,38.33,2,84.97,1.4
11,72,20,19.52,24.93,5.95,113.33,kidneybeans,12.03,3,6.44,3.49,352.64,4.65,4,8.05,17.69,110.55,3,30.28,3,74.12,1.01
3,67,24,17,19.91,5.52,103.29,kidneybeans,22.44,3,9.05,5.5,445.49,3.07,5,16.81,98.78,59.88,2,16.03,1,60.66,3
35,69,23,16.79,24.97,5.58,75.45,kidneybeans,18.43,1,8.16,6.48,412.07,2.85,1,19.4,20.22,175.89,2,40.16,2,12.58,3.35
3,77,25,24.85,22.89,5.61,62.21,kidneybeans,13.94,3,7.76,17.69,386.26,6.72,5,8.75,70.1,82.9,2,0.78,1,79.25,4.72
23,62,19,16.52,20.46,5.61,98.78,kidneybeans,17.95,3,11.84,13.4,419.69,8.64,1,16.15,29.74,138.03,1,13.15,1,80.73,3.77
22,71,17,18.15,19.39,5.51,107.69,kidneybeans,18.92,1,6.76,15.8,399.7,2.45,1,18.57,4,69,1,43.93,2,36.57,3.98
31,79,25,23.19,22.31,5.9,63.38,kidneybeans,10.97,2,5.29,11.37,435.43,7.07,6,11.55,6.78,147.26,3,47.74,2,17.01,4.36
34,59,18,23.38,21.99,5.74,87.67,kidneybeans,26.57,3,5.03,10.92,383.91,2.65,1,16.38,27.49,104.78,3,2.87,2,56.5,4.83
12,63,17,18.36,19.38,5.72,138.41,kidneybeans,17.62,1,8.28,1.58,398.79,1.96,3,10.81,25.39,80.37,1,26.79,2,88.12,4.44
27,56,20,19.26,20.51,5.54,94.95,kidneybeans,21.36,1,10.56,13.06,438.09,9.11,6,5.63,4.36,101.68,3,26.49,3,93.19,3.17
7,63,24,22.95,24.04,5.86,107.73,kidneybeans,23.47,1,7.93,2.33,371.48,4.37,2,9.51,69.21,72.65,2,20,2,96.18,4.7
24,67,22,20.12,22.9,5.62,104.63,kidneybeans,15.45,1,11.13,1.92,449.18,7.6,5,13.79,47.69,138.31,2,10.06,2,80.41,4.51
11,71,24,21.14,22.72,5.61,141.61,kidneybeans,11.9,1,10.7,5.96,405.96,5.17,1,8.61,92.3,75.31,3,10.02,1,59.8,3.58
37,74,15,24.92,18.23,5.58,62.71,kidneybeans,24.54,3,5.85,5.59,404.96,4.75,2,14.27,78.44,159.12,2,8.31,3,73.22,4.65
25,76,24,15.33,24.92,5.57,135.33,kidneybeans,24.83,1,5.97,14.4,403.14,3.2,5,7.91,37.93,58.23,3,46.49,3,6.61,3.06
34,66,17,18.81,21.28,5.89,125.08,kidneybeans,21.18,1,7.26,1.13,433.02,1.41,6,12.2,74.83,176.05,1,41.61,2,41.41,1.66
20,69,15,23.44,22.77,5.93,107.41,kidneybeans,17.77,1,8.69,17.34,406.43,8.01,4,15.68,41.05,129.27,3,6.91,1,82.93,2.08
37,65,16,22.84,18.97,5.68,63.59,kidneybeans,29.08,1,11.01,1.45,389.35,1.58,3,8.2,39.66,158.5,2,40.32,1,74.94,4.11
18,74,15,24.9,22.28,5.71,146.47,kidneybeans,20.44,1,8.34,8.52,389.36,1.7,1,16,71.6,146.77,1,19.31,1,98.45,1.75
4,67,25,23.79,24.36,5.95,119.64,kidneybeans,29.68,3,10.51,3.88,389.02,1.01,6,11.47,77.3,162.85,1,43.6,3,13.95,1.33
37,56,25,22.06,19.6,5.77,126.73,kidneybeans,23.91,2,5.43,3.62,447.22,4.88,1,6.76,64.13,99.75,2,49.02,1,66.69,4.91
5,59,15,18.87,20.18,5.97,134.18,kidneybeans,19.9,2,11.69,5.16,439.32,6.82,2,6.29,79.92,107.19,2,12.07,3,41.56,1.56
11,61,21,18.62,23.02,5.53,135.34,kidneybeans,16.62,2,8.38,9.64,403.95,3.98,2,14.62,76.47,172.03,1,1.71,1,86.76,4.75
22,80,20,23.01,18.87,5.67,100.12,kidneybeans,28.9,2,11.15,14.46,393.27,6.08,1,12.93,12.04,129.2,3,47.94,3,47.46,1.28
12,61,19,19.33,24.14,5.66,68.51,kidneybeans,26.17,1,6.98,19.25,409.59,5.36,3,16.91,45.39,112.14,3,15.86,1,87.11,4.82
5,74,21,16.24,21.36,5.59,66.97,kidneybeans,18.36,3,5,15.06,355.42,2.16,3,10.87,34.31,173.95,2,46.9,3,99.76,1.17
27,69,22,17.92,24.91,5.93,69.15,kidneybeans,29.28,3,6.85,13.51,427.01,4.76,6,6.34,7.13,189.15,1,36.51,1,66.49,1.85
31,75,18,15.47,21.44,5.82,88.89,kidneybeans,11.98,2,9.99,14.35,374.12,6.49,1,10.25,29.49,91.88,3,14.31,1,73.66,3.76
36,68,20,17.06,23.77,5.86,81.83,kidneybeans,17.91,2,5.33,5.66,418.12,6.64,2,5.45,18.58,101.15,1,26.43,1,55.06,1.56
5,65,16,21.33,18.49,5.87,109.1,kidneybeans,21.16,2,7.25,14.64,443.54,4.55,5,19.21,47.85,122.69,3,25.39,1,32.73,3.93
32,79,15,23.91,20.75,5.71,81.6,kidneybeans,15.35,3,10.44,7.03,369.14,1.17,6,17.04,53.31,181.45,1,34.56,2,98.2,4.21
11,78,22,23.9,22.74,5.94,112.66,kidneybeans,13.79,2,5.63,11.63,354.36,9.57,4,17.73,85.09,120.78,1,23.79,2,17.32,1.04
0,55,22,22.99,20.58,5.92,143.86,kidneybeans,13.23,3,9.76,12.64,411.48,1.47,5,9.34,76.63,144.47,2,26.68,2,0.61,4.65
14,59,15,21.35,22.91,5.78,146.45,kidneybeans,21.74,3,7.65,2.86,448.38,4.6,3,16.29,82.48,89.89,2,26.13,2,59.36,4.11
29,68,23,24.16,19.28,5.83,116.73,kidneybeans,27.84,2,7.43,5.28,373.56,9.9,6,8.83,93.26,142.12,1,8.13,2,63.8,4.96
32,68,19,24.63,18.18,5.51,149.74,kidneybeans,18.01,1,9.72,18.73,357.82,3.03,1,11.28,60.63,176.05,1,30.15,3,91.32,1.09
17,64,17,21.02,24.94,5.66,124.61,kidneybeans,20.74,3,9.7,18.55,393.61,3.85,4,18.18,59.22,175.98,2,8.79,1,88.06,4.78
13,69,19,17.31,20.02,5.86,115.2,kidneybeans,28.13,1,9.23,17.03,449.41,1.56,6,14.7,57.58,173.96,3,3.07,2,78.28,1.96
14,67,22,23.83,24.75,5.62,84.64,kidneybeans,12.72,2,10.86,4.41,425.53,8.05,3,8.7,53.96,126.71,3,25.76,2,34.38,4.6
9,69,20,19.31,23.96,5.59,129.34,kidneybeans,12.53,2,8.33,2.54,404.33,6.6,2,5.9,0.97,147.13,3,1.02,2,40.7,4.29
20,73,22,16.04,22.33,5.98,130.39,kidneybeans,14.98,2,7.32,10.85,368.39,5.59,6,19.19,35.9,78.1,2,37.09,1,67.49,2.33
40,78,20,19.19,20.83,5.67,80.15,kidneybeans,26.04,2,8.07,14.69,398.26,9.35,3,17.65,4.34,167.21,1,48.26,1,7.08,3.93
27,72,23,19.93,21.8,5.96,64.03,kidneybeans,29.01,3,5.43,16.23,378.27,4.32,2,13.94,66.33,74.15,2,39.52,1,84.75,3.52
14,67,15,19.56,24.67,5.69,139.29,kidneybeans,11.32,2,9.19,2.32,385.63,4.13,5,18.51,6.25,88.79,1,18.11,1,48.02,4.24
7,56,18,18.31,24.33,5.7,76.14,kidneybeans,23.29,1,5.98,18.6,420.96,6.88,3,19.82,77.56,87.18,2,7.33,2,66.74,2.32
27,65,18,20.11,23.22,5.6,73.36,kidneybeans,17.95,2,11.58,13.58,351.44,2.34,6,11.13,86.34,121.69,2,36.2,2,76.37,3.41
30,63,16,23.61,21.91,5.53,100.6,kidneybeans,19.49,2,9.77,3.94,350.53,2.48,1,13.97,27.78,80.74,3,42.96,3,49.72,3.5
37,70,25,19.73,24.89,5.82,84.06,kidneybeans,11.65,3,5.74,0.69,381.74,5.98,1,19.19,22.34,126.76,1,31.93,1,28.62,1.63
27,63,19,20.93,21.19,5.56,133.19,kidneybeans,24.23,3,8.44,17.12,367.7,7.98,6,8.36,25.7,95.96,3,7.02,1,86.33,2.25
22,60,24,18.78,20.25,5.63,104.26,kidneybeans,13.8,2,8.61,0.84,413.45,6.06,6,18.82,56.97,148.88,1,31.79,1,1.48,2.54
3,72,24,36.51,57.93,6.03,122.65,pigeonpeas,12.3,1,5.07,2.66,413.17,5.48,3,13.24,97.18,120.16,1,48.72,3,0.41,2.15
40,59,23,36.89,62.73,5.27,163.73,pigeonpeas,21.69,2,6.16,8.35,412.9,1.52,5,5.14,18.35,64.92,2,25.44,3,13.31,4.12
33,73,23,29.24,59.39,5.99,103.33,pigeonpeas,27.21,1,8.04,2.45,414.24,4.32,5,12.06,28.45,185.91,3,6.89,1,10.26,4.65
27,57,24,27.34,43.36,6.09,142.33,pigeonpeas,11.84,1,8.88,9.85,361.71,8.28,5,15.24,70.15,52.31,1,16.97,3,8.28,2.15
10,79,18,21.06,55.47,5.62,184.62,pigeonpeas,11.47,1,7.73,2.95,449.39,2.13,6,5.88,10.4,52.41,1,4.86,2,73.21,4.52
30,75,25,30.33,42.35,6.45,149.3,pigeonpeas,19.68,3,11.35,12.73,448.45,1.31,4,19.78,77.89,187.3,2,15.49,1,87.67,1.71
40,70,20,31.8,45.03,5.62,147.04,pigeonpeas,29.62,2,6,15.7,413.93,8.1,1,9.61,80.12,97.9,1,24.04,3,79.95,2.36
38,55,19,33.18,38.23,5.86,198.83,pigeonpeas,28.15,2,5.62,3.66,443.96,4.63,3,8.1,10.89,114.96,3,7.36,2,96.48,3.54
35,58,20,29.39,63.48,5.76,90.05,pigeonpeas,20.52,3,6.08,7.81,372.27,2.62,1,16.62,8.9,94.54,2,36.56,2,87.24,2.41
38,61,21,30.27,67.39,4.7,127.78,pigeonpeas,13.23,2,8.19,11.32,425.23,8.66,2,11.94,39.27,153.14,1,1.77,3,91.49,3.36
33,58,24,35.46,68.76,5.27,108.63,pigeonpeas,17.04,1,5.53,9.5,370.21,2.34,1,19.86,86.51,133.15,1,8.13,3,76.28,3.43
16,56,17,33.8,40.03,7.45,176.62,pigeonpeas,17.32,3,9.2,18.41,383.7,4.8,3,10.17,54.74,155.06,2,5,3,5.31,3.96
31,72,17,28.69,49.47,5.83,96.36,pigeonpeas,18.98,2,11.37,3.31,378.29,1.41,3,10.01,45.22,116.74,2,18.88,2,72.35,2.54
16,80,20,31.24,56.67,7.34,122.01,pigeonpeas,24.37,3,8.74,2.83,411.66,6.67,3,10.55,17.97,134.62,1,23.84,3,69.73,4.4
27,72,17,28.98,57.23,6.35,120.74,pigeonpeas,10.11,3,11.75,7.11,411.72,1.99,4,10.05,31.72,94.68,3,31.67,3,83.07,2.56
40,62,19,27.32,34.14,4.7,96.52,pigeonpeas,23.84,3,11.44,17.26,408.91,8.6,5,5.93,56.09,172.92,2,21.52,1,64.89,3.25
18,58,16,21.48,38.8,4.96,180.38,pigeonpeas,22.34,3,5.17,17.59,357.04,7.81,3,9.52,21.38,53.68,2,14.97,1,11.29,3.09
3,68,16,18.32,34.7,4.96,107.47,pigeonpeas,10.84,2,11.42,13.89,397.62,1.96,3,5.38,71.79,82.24,2,42.44,3,18.5,4.85
26,67,24,36.98,37.74,5.64,161.48,pigeonpeas,19.8,2,7.16,16.71,370.34,7.49,2,6.17,19.96,175.6,3,49.91,1,35.92,2.66
16,70,20,24.8,40.12,5.61,121.56,pigeonpeas,11.93,3,9.53,3.76,427.9,7.2,5,16.77,84.24,60.91,3,1.37,2,83.25,3.17
24,63,19,19.35,55.97,4.68,194.59,pigeonpeas,28,2,10,15.9,350.95,4.36,6,5.82,8.53,109.75,2,38.5,1,39.35,3.4
9,76,25,28.88,50.12,5.71,179.22,pigeonpeas,20.61,1,5.32,6.21,404.49,8.03,4,12.79,88.72,81.38,2,35.63,2,42.13,3.33
16,55,19,19.54,47.19,6.41,192.44,pigeonpeas,15,1,9.28,1.53,377.71,8.44,3,11.99,85.13,183.5,2,3.26,1,14.32,2.28
28,75,21,24.77,50.55,6.01,114.28,pigeonpeas,29.46,2,11.51,12.39,371.97,3.03,4,18.08,6.69,60.91,2,1.78,1,77.19,3.15
16,71,24,18.33,38.41,4.95,139.65,pigeonpeas,19.44,2,7.53,1.56,358.46,1.84,1,16.19,10.86,50.75,1,5.92,1,54.05,3.15
24,70,21,19.15,45.37,5.52,132.77,pigeonpeas,29.58,3,8.78,18.32,439.36,1.55,3,12.97,4.37,119.47,2,8.66,3,25.2,1.57
38,72,21,28.23,49.44,5.9,186.5,pigeonpeas,25.24,2,10.87,10.49,400.12,9.47,6,16.87,78.34,198.35,3,37.47,3,90.58,3.28
9,66,21,30.12,34.13,5.72,157.09,pigeonpeas,26.4,2,9.34,12.99,421.85,7.79,3,7.4,82.3,65.69,2,32.19,3,95.71,1.86
34,56,17,33.41,35.43,4.55,139.67,pigeonpeas,28.96,2,5.28,9.95,429.47,8.68,1,13.5,0.71,194.81,1,0.97,3,57.48,3.51
1,76,19,24.19,46.69,6.67,177.34,pigeonpeas,12.43,1,8.33,1.62,354.41,4.6,1,19.45,44.71,174.13,1,17.88,1,28.67,4.67
6,69,19,26.89,41.7,4.75,94.47,pigeonpeas,23.85,3,10.91,6.58,383.66,5.14,1,12.01,55.29,71.15,1,13.84,1,82.18,4.85
26,73,21,31.33,57.97,4.95,161.78,pigeonpeas,18.17,1,5.03,12.63,359.58,4.77,4,7.41,20.5,197.01,1,47.99,1,76.63,2.15
27,61,18,33.31,67.08,5.27,108.51,pigeonpeas,27.24,3,7.71,17.96,424.57,2.64,3,11.08,1.39,191,1,32.71,2,29.94,2.93
27,71,23,23.45,46.49,7.11,150.87,pigeonpeas,10.82,2,11.59,13.64,435.69,7.08,5,7.26,96.48,169.96,3,0.3,3,93.13,1.31
36,61,21,34.54,39.04,5.62,168.59,pigeonpeas,17.18,2,5.18,15.79,381.14,4.65,3,12.86,64.14,140.88,3,14.96,2,69.05,1.86
17,73,18,19.5,34.51,5.63,197.38,pigeonpeas,12.2,2,9.38,5.31,431.43,9.26,2,11.44,85.04,77.23,2,9.92,3,23.2,1.57
26,72,22,28.77,37.58,4.67,91.72,pigeonpeas,21.93,2,9.34,15.89,417.82,3,1,18.83,95.76,143.39,2,30.88,1,17.36,3.61
17,64,16,30.98,32.25,7.16,180.72,pigeonpeas,25.4,2,9.84,11.06,421.38,4.47,4,7.78,22.12,62.69,1,38.98,1,37.44,4.43
14,74,19,18.4,36.83,6.62,93.12,pigeonpeas,17.55,2,6.31,14.22,445.63,4.81,5,6.68,36.93,63.77,3,47.88,2,24.83,4.43
39,60,15,35.09,30.99,5,116.91,pigeonpeas,22.27,3,5.17,9,430.13,2.2,4,15.86,23.67,133.04,1,39.64,2,33.72,2.25
6,66,15,34.93,30.4,6.35,159.26,pigeonpeas,13.1,3,5.22,7.47,412.66,5.92,5,15.82,12.79,114.04,3,21.26,3,3.15,2.85
8,59,18,29.51,35.72,6.22,187.9,pigeonpeas,28.54,1,5.75,14.84,419.26,7.72,4,7.29,21,122.55,1,6.75,3,21.74,1.24
2,67,18,34.52,47.53,5.92,129.01,pigeonpeas,24.12,3,8.71,7.93,380.79,2.14,2,13.11,10.78,178.02,1,6.27,1,67.94,1.61
1,76,17,28.43,52.1,6.01,147.04,pigeonpeas,10.32,3,7.06,13.33,400.17,4.78,2,11.83,93.52,151.36,3,12.18,1,33.42,1.77
16,73,19,18.42,34.81,4.68,163.27,pigeonpeas,17.63,2,11.69,17.27,429.18,8.25,1,13.38,50.24,130.28,3,27.94,2,31.46,3.39
23,75,25,31.08,47.2,7.08,91.31,pigeonpeas,21.79,2,7.2,16.36,438.8,4.61,1,17.11,92.45,89.83,2,4.84,3,66.8,3.5
32,70,20,20.89,46.25,6.21,195.57,pigeonpeas,16.03,2,7.6,18.09,444.43,7.49,4,17.36,54.97,56.25,2,30.49,1,7.97,4.68
28,59,22,30.91,52.8,7.05,170.99,pigeonpeas,18.13,2,8.05,18.91,389.16,3.61,2,12.66,74.66,108.76,3,20.76,2,7.52,1.82
5,62,23,27.93,66.45,4.72,145.37,pigeonpeas,20.87,1,11.28,11.29,413.74,1.61,4,9.84,76.06,72.79,3,16.02,1,29.79,1.27
36,67,25,35.95,36.53,6.42,136.05,pigeonpeas,17.45,1,6.59,15.86,430.86,1.25,1,12.95,46.11,191.1,1,42.04,3,50.03,4.47
1,66,23,19.54,56.93,4.8,173.17,pigeonpeas,20.82,1,7.2,19.58,431.81,9.13,4,8.62,19.48,126.9,3,25.43,2,32.52,1.69
24,73,20,19.64,32.32,4.61,176.41,pigeonpeas,22.32,2,9.74,5.28,416.87,8.62,1,17.58,14.17,142.37,2,11.96,1,87.36,4.77
17,67,18,31.22,56.47,5.61,129.2,pigeonpeas,28.58,1,10.67,7.91,449.97,7.89,6,11.06,88.48,158.89,3,27.79,2,18.57,1.96
5,55,18,33.51,45.71,7.32,126.67,pigeonpeas,26.8,2,8.06,2.89,389.8,4.36,3,16.18,63,196.09,2,18.92,1,83.59,3.79
5,56,24,24.81,45.01,5.02,188.49,pigeonpeas,14.08,2,9.59,4.54,434.62,1.18,4,7.19,92.07,81.21,3,46.25,2,47.13,2.91
37,77,17,36.21,31.95,5.62,191.07,pigeonpeas,23.45,1,6.94,12.74,440.67,8.53,5,8.55,72.19,77.04,2,35.64,1,87.12,3.08
13,73,20,30.5,35.49,5.39,162.59,pigeonpeas,24.56,3,7.93,17.28,430.55,4.71,4,15.88,36.83,79.52,2,38.35,1,37.79,3.57
6,63,23,26.02,49.95,5.91,160.33,pigeonpeas,23.03,3,11.98,3.05,358.14,4.95,1,16.95,11.36,185.1,3,44.26,2,58.32,4.7
16,77,22,31.48,35.64,6.57,100.55,pigeonpeas,13.5,2,8.96,9.96,399.28,7.66,4,8.91,24.06,156.7,3,47.08,1,46.47,1.08
25,64,20,33.15,32.46,4.81,105.04,pigeonpeas,11.14,2,7.73,12.42,371.64,8.47,4,7.37,96.82,177.58,2,30.51,2,80.38,1.51
34,75,24,23.5,51.29,4.76,192.3,pigeonpeas,10.86,1,7.99,4.23,412.52,3.36,1,15.19,64.34,193.09,3,42.79,1,11.34,3.6
20,77,23,34.87,38.84,5.18,148.25,pigeonpeas,19.14,3,7.57,0.07,419.4,8.41,4,11.47,13.78,73.02,1,43.03,3,94.37,4.31
35,80,25,28.09,44.93,4.9,197.11,pigeonpeas,21.02,3,6.77,9.18,449.69,7.08,6,17.76,19.47,103.31,2,44.83,3,59.97,4
14,75,24,24.55,57.34,6.44,118.36,pigeonpeas,16.44,3,6.52,16.7,411.37,5.55,4,7.82,2.28,190.31,2,48.65,2,75.11,2.76
36,80,21,33.65,48.41,7.07,100.47,pigeonpeas,20.27,3,10.91,2.84,354.64,9.66,5,17.97,26.91,140.79,3,47.39,1,39.19,1.7
7,77,18,20.56,60.55,6.66,191.09,pigeonpeas,18.77,1,6.18,1.63,436.46,9.84,4,5.58,20.42,87.47,1,0.26,2,43.24,1.71
29,78,25,19.96,59.33,5.98,195.79,pigeonpeas,29.58,2,11.51,19.16,360.37,5.2,2,8.64,45.61,189.58,2,17.28,1,51.98,2.42
30,60,21,28.88,62.49,5.46,182.27,pigeonpeas,15.64,1,9.9,7.85,369.94,6.5,3,16.21,18.81,141.99,3,4.31,3,36.17,4.16
20,74,16,36.04,43.61,4.76,159.89,pigeonpeas,16.83,2,8.06,15,402.83,2.99,2,13.26,51.97,90.76,2,45.35,2,43.35,4.09
19,57,23,23.67,47.29,7.34,141.13,pigeonpeas,24.7,3,5.04,6.99,355.56,8.03,5,13.5,14,143.4,2,18.45,2,47.08,2.67
3,60,19,25.75,40.72,4.82,100.78,pigeonpeas,22.86,2,8.23,9.89,382.71,7.98,2,5.95,54.14,139.16,3,36.3,2,71.79,4.08
5,77,19,31.09,66.69,6.24,175.93,pigeonpeas,28.35,2,6.34,10.36,432.45,6.76,2,12.23,7.19,198.95,1,25.69,2,43.15,3
5,68,20,18.73,61.33,5,139.87,pigeonpeas,17.99,1,11.78,14.04,446.24,2.29,3,8.8,45.89,56.36,1,24.53,3,14.78,1.04
37,73,21,29.5,63.47,5.56,189.52,pigeonpeas,16.24,1,5.23,18.67,406.28,3.96,5,17.37,77.79,110.35,1,39.6,1,5.99,3.49
9,59,24,20.44,39.37,4.75,137.23,pigeonpeas,24.12,3,7.1,0.56,430.96,8.35,6,9.08,52.15,139.97,1,22.08,1,26.8,2.61
20,72,15,36,56.01,7.31,134.86,pigeonpeas,22.7,3,10.27,16.33,433.67,1.86,2,7.7,6.42,82.76,1,9.88,1,92.16,4.94
31,56,23,31.47,35.39,5.66,174.57,pigeonpeas,15.51,2,7.25,10.04,390.41,9.66,5,19.95,4.52,186.5,1,36.47,2,33.08,3.64
0,70,21,36.3,56.03,4.67,101.61,pigeonpeas,17.25,1,8.17,8.15,419.6,6.56,5,14.59,56.26,169.99,3,12.78,2,18.49,2.42
21,74,15,29.49,67.11,6.47,153.25,pigeonpeas,14.24,2,5.93,0.32,365.34,9.24,4,14.99,7.09,152.62,2,30.12,3,69.93,4.36
13,67,18,30.58,34.76,5.38,177.58,pigeonpeas,22.88,2,10.94,11.94,377.91,4.32,1,5.81,10.45,164.9,2,47.37,1,54.5,4.16
27,74,20,24.69,59.97,5.86,91.96,pigeonpeas,13.65,2,5.62,13.44,417.76,2.36,5,10.68,22.69,100.94,1,19.13,1,92.26,1.07
29,72,24,23.17,36.68,6.96,162.59,pigeonpeas,27.41,1,8.76,11.85,375.46,9.08,6,19.28,32.5,182.59,1,49.99,2,57.48,2.84
5,68,20,19.04,33.11,6.12,155.37,pigeonpeas,10.04,2,6.38,3.22,446.63,2.64,4,11.73,36.9,135.44,2,7.62,3,99.48,4.02
39,57,19,29.32,45.93,6.42,165.41,pigeonpeas,22.23,2,11.06,0.84,434.48,4.86,6,5.84,95.82,129.86,1,27.99,2,26.74,3.51
22,62,16,34.65,54.32,4.83,180.9,pigeonpeas,14.75,1,7.8,16.39,383.5,2.89,4,19.02,94.79,70.49,3,46.02,1,92.1,3.28
18,55,23,22,56.31,6.99,136.83,pigeonpeas,14.67,1,7.98,19.38,399.14,5.37,3,14.54,29.9,90.35,1,11.25,2,37.7,4.29
39,77,21,23,60.24,4.6,159.69,pigeonpeas,29.53,3,7.76,13.38,394.28,2.05,1,6.46,44.78,77.95,2,15.69,2,81.02,4.7
13,75,20,30.56,35.29,6.98,178.9,pigeonpeas,11.99,2,9.73,10.08,378.23,4.52,2,13.24,76.04,104.24,3,46.42,1,31.29,2.09
27,71,24,31.46,48.18,7.06,165.41,pigeonpeas,16.83,1,9.72,9.21,386.81,6.42,2,10.81,7.86,79.97,1,16.15,2,44.32,2.1
26,64,22,25.95,40.58,5.17,109.18,pigeonpeas,24.34,2,10.22,15.57,433.53,1.31,4,8.63,16.61,138.38,2,22.82,3,85.12,2.58
23,55,16,21.01,69.69,5.11,185.2,pigeonpeas,16.05,3,7.92,4.12,419.72,8.18,6,11.02,10.23,74.42,3,24.76,2,60.63,1.5
4,69,19,19.25,47.7,5.37,149.06,pigeonpeas,25.89,1,9.45,18.47,447.01,7.46,5,18.6,13.03,148.02,1,35.59,1,56.25,1.22
20,67,19,19.24,50.54,5.67,180.65,pigeonpeas,14.83,1,7.84,14.69,422.63,6.62,5,16.1,15.73,114.75,2,13.66,3,79.1,1.49
7,74,17,22.47,62.57,5.67,96.75,pigeonpeas,29.64,1,11.53,1.81,422.39,4.9,5,16.58,38.59,74.89,1,29.07,2,83.29,3.25
17,64,18,36.75,58.26,6.08,124.6,pigeonpeas,13.45,2,10.43,9.01,362.07,5.06,5,15.53,97.48,109.07,3,8.51,3,89.6,2.87
35,71,17,29.89,66.35,6.93,198.14,pigeonpeas,19.73,1,7.8,19.78,372.7,2.58,3,17.94,82.35,167.54,1,26.27,1,7.05,3.16
11,72,22,29.38,44.82,6.84,172.4,pigeonpeas,11.17,1,6.49,2.73,413.45,2.04,3,8.33,85.3,140.46,3,43.31,1,8.45,4.19
20,60,22,29.65,42.9,6.88,186.92,pigeonpeas,28.19,1,10.29,15.89,427.78,2.04,3,10.74,36.07,87.06,3,26.99,1,83.29,3.87
10,71,18,19.54,66.35,6.15,173.11,pigeonpeas,27.86,3,7.38,17.51,379.66,9.31,4,11.67,0.14,94.13,3,48.38,2,71.37,3.75
33,61,24,20.05,48.94,4.57,122.46,pigeonpeas,27.8,3,8.39,17.85,379.18,2.89,1,10.91,82.96,93.98,3,2.33,2,4.08,3.36
3,49,18,27.91,64.71,3.69,32.68,mothbeans,17.57,2,5.1,11.15,430.49,2.34,4,17.55,72.33,195.61,3,7.29,2,56.52,1
22,59,23,27.32,51.28,4.37,36.5,mothbeans,26.01,1,8.26,18.15,404.87,8.79,6,5.73,69.08,150.21,2,8.49,3,29.34,2.55
36,58,25,28.66,59.32,8.4,36.93,mothbeans,17.13,2,9.42,10.87,390.15,2.8,2,11.97,25.73,113.98,1,40.09,3,49.67,1.77
4,43,18,29.03,61.09,8.84,72.98,mothbeans,12.61,3,11.9,18.42,391.64,7.17,6,17.62,51.61,64.96,1,33.01,3,8.33,2.31
29,54,16,27.78,54.65,8.15,32.05,mothbeans,11.62,1,10.08,8.36,420.83,2.22,2,9.65,29.88,85.53,1,4.1,3,53.02,3.94
32,43,22,32,54.11,5.27,71.63,mothbeans,24.84,2,8.71,5.21,367.38,7.57,4,5.89,99.98,94.42,3,11.06,3,7.05,3.44
14,55,15,27.34,55.28,8.05,73.45,mothbeans,11.54,3,9.93,11.38,351.38,2.37,5,17.15,21.52,134.86,1,18.28,3,46.2,1.62
5,35,20,28.93,53.57,9.68,66.36,mothbeans,26.91,1,8.36,11.16,430.05,7.57,2,15.72,21.29,121.76,1,49.01,2,9,2.86
25,57,24,27.65,58.6,6.97,36.94,mothbeans,21.08,1,7.07,1.28,351.05,1.07,1,10.71,98.89,192.65,1,20.21,3,35.24,1.27
11,53,24,28.52,55.77,7.39,61.33,mothbeans,18.25,3,8.11,11.8,360.04,6.71,6,17.43,87.84,66.36,3,49.97,2,20.14,2.87
40,49,17,31.02,45.89,6.69,53.57,mothbeans,17.05,3,10.46,9.83,389.81,2.14,6,18.86,20.76,148.18,2,7.78,2,25.65,4.72
38,56,25,25.74,45.38,7.88,67.43,mothbeans,24.87,2,7.75,2.42,403.14,5.11,3,10.99,64.77,103.23,3,1.83,3,80.78,3.04
27,43,23,31.7,56.85,5.88,44.94,mothbeans,27.81,1,6.81,12.73,417.47,2.23,6,16.88,83.01,64.05,1,48.44,3,14.03,3.02
24,38,22,24.48,58.52,8.2,34.97,mothbeans,23.26,2,11.93,16.64,436.76,5.58,6,18.56,15.76,73.35,2,9.88,1,0.2,3.7
23,45,21,31.47,51.8,8.99,74.44,mothbeans,18.12,1,10.11,16.35,419.74,1.39,2,13.96,15.77,75.55,2,25.28,1,21.95,3.46
29,57,20,25.61,50.73,5.88,53.39,mothbeans,29.17,2,6.98,6.32,392.05,3.65,5,11.29,6.34,53.5,2,10.95,2,88.44,2.36
31,35,23,30.3,47.18,7.71,68.04,mothbeans,25.35,2,6.21,12.57,392.98,7.61,2,19.23,56.86,87.89,1,18.59,3,68.87,2.96
0,55,25,28.17,43.67,4.52,45.78,mothbeans,28.1,2,6.03,7.03,431.92,9.64,5,15.56,43.61,150.05,1,29.94,1,9.01,2.72
7,45,22,25.51,44.83,9.93,74.33,mothbeans,10.93,3,7.78,3.1,420.03,9.33,2,5.41,57.98,103.59,3,1.62,3,39.94,1.52
17,58,25,31.13,43.59,6.46,32.77,mothbeans,24.13,2,7.32,1.28,359.04,7.81,4,8.17,41.97,62.77,3,6.19,3,37.51,2.86
11,44,17,26.34,55.59,8.02,35.11,mothbeans,11.57,1,10.29,4.91,437.33,6.12,2,5.12,85.85,171.98,2,31.89,2,91.37,3.25
22,49,22,28.23,61.56,3.71,72.67,mothbeans,11.27,3,10.51,0.46,420.3,3.89,6,18.78,3.96,135.86,2,11.2,3,7.45,4.42
9,51,19,27.04,49.33,5.49,48.25,mothbeans,26.03,3,11.76,5.43,381.33,9.9,6,17.24,58.9,80.11,2,5.8,3,17.79,2.53
28,48,15,25.16,55.25,9.25,40.9,mothbeans,13.53,1,7.44,8.22,355.24,1.01,6,9.23,27.91,159.27,1,13.67,2,78.19,3.16
26,50,19,27.32,51.67,6.01,32.56,mothbeans,19.02,1,7.93,18.43,422.61,9.26,1,13.45,52.4,70.07,3,33.95,3,66.36,2.09
36,56,20,25.41,49.66,7.44,31.87,mothbeans,19.39,3,8.77,14.73,384.04,9.77,2,17.68,66.09,55.34,1,6.79,2,0.73,1.26
8,60,18,31.22,46.02,3.81,53.12,mothbeans,13.47,1,8.4,12.98,362.82,9.7,4,9.64,93.8,65.7,1,21.33,1,81.4,2.68
24,37,21,30.57,58.23,5.82,62.75,mothbeans,25.3,2,6.46,9.12,388.27,2,6,5.2,8.86,193.5,1,8.25,2,58.61,4.59
22,43,24,25.43,53.22,4.52,46.19,mothbeans,10.38,1,5.15,4.13,364.06,4.43,2,7.71,36.08,104.45,1,29.29,1,66.58,1.91
36,43,24,27.09,43.65,3.51,41.54,mothbeans,29.56,2,8.35,9.93,351.17,6.65,6,16,14.37,192.14,2,27.75,2,7.38,3.72
22,44,24,24.31,56.33,6.03,59,mothbeans,27.89,2,9.1,9.44,437.67,1.18,4,10.18,70.48,169.37,3,41.95,2,42.32,2.53
17,43,22,30.06,45.9,5.5,41.06,mothbeans,11.45,1,10.38,14.15,414.64,1.05,4,13.11,94.11,133.99,3,33.38,2,67.54,3.79
8,45,15,28.1,60.98,4.61,33.84,mothbeans,24.5,3,7.11,1.11,417.95,7.55,1,5.96,3.65,92.53,3,13.03,2,76.98,4.45
7,56,23,26.34,40.01,5.55,55.5,mothbeans,20.45,1,7.71,8.6,428.37,4.15,1,16.87,62.1,97.97,2,3.68,1,26.3,3.05
36,57,16,28.61,57.14,8.29,57.03,mothbeans,18.47,3,11.89,4.18,433.48,9.5,1,14.49,72.95,144.12,1,1.76,2,43.61,2.59
11,45,19,28.7,44.36,3.83,44.12,mothbeans,19.2,2,10.19,2.86,431.94,5.45,3,19.28,2.25,76.51,3,29.71,3,11.07,4.56
6,36,22,24.22,59.79,8.87,42.25,mothbeans,24.41,1,7.85,1.59,368.05,6.25,5,7.15,72.29,63.02,2,49.83,3,95.79,2.74
17,57,20,28.51,45.2,3.79,66.18,mothbeans,27.57,2,10.76,7.46,404.4,9.14,6,19.44,10.37,186.94,3,37.18,3,14.77,4.5
4,47,20,25.98,64.96,4.19,72.19,mothbeans,12.49,1,6.89,4.06,377.14,4.11,3,14.39,63.22,70.98,3,16.42,1,32.17,1.13
9,49,16,30.88,41.37,7.66,55.05,mothbeans,24.93,1,11.02,5.51,401.77,1.71,5,7,50.63,136.72,1,0.61,3,10.4,1.72
25,51,24,25.5,61.67,9.39,65.08,mothbeans,23.43,3,5.48,4.2,382.68,4.22,5,14.7,71.52,72.12,1,18.18,1,93.59,2.8
36,44,21,25.13,51.33,4.52,38.49,mothbeans,14.11,2,11.69,0.84,432.37,9.15,2,6.36,94.55,134.54,3,1.78,3,71.29,1.66
21,38,20,27.11,63.57,5.79,62.2,mothbeans,21.21,1,7.57,16,446.36,2.65,5,14.77,66.14,109.27,3,4.02,2,13.88,2.74
37,57,20,31.1,44.82,7.35,70.8,mothbeans,14.27,3,7.12,5.48,430.11,9.99,1,19.14,35.6,156.27,2,22.82,2,10.5,3.31
32,48,18,26.46,56.4,5.99,64.16,mothbeans,25.23,3,9.18,3.13,362.4,9.13,5,8.09,79.73,69.92,1,46.29,2,32.32,4.52
29,44,20,30.04,63.56,8.62,31.83,mothbeans,19.36,1,10.54,19.43,433.08,3.65,2,12.36,97.56,81.88,2,30.23,3,83.76,1.77
25,51,18,27.78,54.82,9.46,50.28,mothbeans,12.14,1,6.09,8.93,421.63,9.69,3,7.17,41.79,109.12,3,14.59,2,18.82,1.38
10,44,24,30.99,43.02,8.03,58.28,mothbeans,20.6,3,5.2,6.73,421.47,2.37,6,15.79,94.01,179.55,1,41.08,2,96.02,2.34
23,35,18,26.49,47.37,5.41,36.99,mothbeans,10.18,2,7.42,0.35,374.77,2.87,3,17.28,66.96,70.73,2,39.52,1,86.21,1.78
9,60,23,31.97,57.17,6.28,64.26,mothbeans,13.79,3,9.59,3.72,359.85,2.73,1,11.44,28.93,169.1,2,12.54,3,51.18,4.65
3,58,21,25.36,46.83,9.16,55.61,mothbeans,16.43,1,8.09,10.61,410.78,5.51,3,12.07,86.77,120.1,3,26.44,2,36.56,2.72
22,42,22,25.54,56.97,7.89,48.47,mothbeans,26.03,1,8.23,9.3,368.45,5.82,2,14.72,55.18,183.86,1,37.18,3,95.52,4.26
12,39,21,28.99,62.86,8.18,70.47,mothbeans,19.1,2,5.52,9.18,401.04,7,6,15.05,60.21,108.08,3,27.73,2,65.13,4.77
39,36,22,29.34,60.5,9.07,34.03,mothbeans,23.75,2,6.94,18.19,373.2,6.52,3,13.75,63.33,196.74,3,14.05,2,30.08,4.97
32,41,16,28.64,61.39,7.7,68.55,mothbeans,25.26,3,11.35,8.99,417.2,5.15,6,14.54,35.89,161.98,2,39.76,1,98.06,1.98
30,41,15,24.83,44.17,5.89,52.08,mothbeans,15.57,2,7.46,0.24,361.06,2.69,6,16.11,50.84,183.48,2,22.39,2,28.31,1.5
19,36,22,25.45,58.55,6.16,57.05,mothbeans,12.47,2,5.09,12.72,354.36,6.44,3,11.48,51.29,166.81,1,48.68,3,61.59,2.92
4,46,15,31.01,62.4,3.5,63.77,mothbeans,15.32,1,6.74,10.63,395.69,8.97,6,11.56,91.43,170.49,1,1.91,3,45.6,3.81
21,39,20,27.06,52.3,7.39,60.75,mothbeans,19.13,3,5.64,7.46,413.41,5.41,3,5.28,42.22,140.37,3,28.09,2,52.92,3.55
35,57,25,27.1,42.26,8.34,71.13,mothbeans,23.57,2,9.03,5.9,441.95,9.76,3,12.57,99.03,170.27,3,23.52,2,55.96,2.5
22,55,24,28.57,57.31,8.66,64.53,mothbeans,22.13,1,7.83,18.74,444.26,8.98,6,10.36,70.96,113.8,3,18.06,2,53.41,2.89
35,51,17,28.8,49.84,3.56,40.86,mothbeans,27.58,2,6.77,9.3,439.22,3.02,3,15.98,91.98,173.21,3,1.07,1,81.26,4.23
17,56,17,27.94,45.41,5.96,69.66,mothbeans,13.35,1,7.16,19.01,424.6,7.95,2,16.72,46.6,197.87,1,20.45,2,31.73,3.21
28,57,17,30.48,61.58,9.42,61.87,mothbeans,11.74,1,11.12,6.97,418.65,8.57,4,8.62,40.14,159.73,2,20.44,2,20.29,3.65
22,36,16,30.58,50.77,8.18,64.59,mothbeans,16.5,1,6.78,0.04,373.84,2.98,2,16.3,65.63,66.68,1,17.23,2,65.29,3.98
11,41,19,26.86,41.81,5.13,44.14,mothbeans,29.17,2,6.72,1.06,446.68,4.61,4,12,90.96,131.78,2,26.47,2,4.51,3.65
38,38,18,26.31,61.19,6.29,35.73,mothbeans,23.31,2,11.19,1.51,374.08,5.3,3,17.21,24.38,167.58,3,2.83,1,49.53,4.89
23,37,24,28.78,44.23,7.99,33.96,mothbeans,23.61,3,8.16,11.86,382.64,1.78,3,7.43,85.57,87.57,1,29.09,3,31.47,4.6
25,35,20,28.9,43.35,8.92,71.9,mothbeans,16.33,1,7.18,8.88,439.55,9.08,4,10.48,9.12,120.62,2,38.6,1,14.27,1.99
40,45,20,29.38,57.7,6.88,38.34,mothbeans,26.65,2,8.72,3.04,382.04,8.64,3,9.85,52.11,180.83,2,35.54,1,52.16,1.98
23,58,19,24.17,58.25,5.24,59.19,mothbeans,29.47,2,8.93,15.8,362.05,6.12,6,19.13,86.22,117.8,2,30.85,2,23.35,2.72
2,56,23,26.65,59.79,7.55,36.92,mothbeans,21.91,3,11.34,14.62,409.77,5.35,2,17.49,99.87,151.12,3,47.82,1,89.69,4.72
3,56,17,28.2,53.51,8.71,52.14,mothbeans,19.47,2,6.29,3.21,359.46,5.8,4,10.19,74.98,148.89,3,6.67,1,12.13,1.56
26,51,25,28.76,52.63,7.79,55.22,mothbeans,10.13,3,6.09,19.61,421.99,1.05,2,12.81,18.18,184.2,2,16.73,3,11.44,4.11
39,42,20,29.35,61.25,8.06,40.83,mothbeans,23.76,2,8.96,19.23,442.08,7.78,3,18.12,55.74,117.36,1,44.29,2,97.51,4.75
27,59,20,28.01,52.61,4.4,36.01,mothbeans,19.8,1,7.54,10.53,352.02,5.39,1,7.57,68.53,109.69,3,18.13,2,17.91,3.65
24,45,19,26.86,48.82,5.95,34.74,mothbeans,17.93,3,7.95,14.74,440.98,3.07,5,6.82,32.07,101.59,3,41.03,3,75.56,1.15
7,40,17,31.21,40.93,8.53,53.79,mothbeans,17.69,2,10.09,11.55,405.94,2.59,1,17.98,49.78,100.93,1,31.1,2,60.59,1.94
15,45,23,24.2,61.43,7.22,46.02,mothbeans,17.04,2,6.72,15.82,367.83,7.88,3,9.84,83.73,184.21,3,18.15,2,66.17,4.72
26,52,23,29.99,49.6,4.93,52.93,mothbeans,29.21,1,5.31,7.19,374.94,6.39,3,12.98,46.99,135.78,1,28.12,1,98,4.33
20,45,16,29.94,54.62,4.63,45.44,mothbeans,26.74,2,11.56,7.05,436.06,4.83,4,14.49,57.06,111.58,2,41.18,1,45.71,4.91
34,54,24,31.21,41.56,5.03,68.8,mothbeans,17,1,11.21,5.47,380.88,9.88,3,7.64,8.85,143.72,2,12.75,1,19.57,4.8
19,51,25,26.8,48.24,3.53,43.88,mothbeans,15.87,1,10.72,9,376.23,7.58,1,18.85,81.64,149.18,1,11.87,3,49.67,3.35
29,41,21,31.49,62.85,8.87,64.57,mothbeans,19.32,2,6.78,3.58,374.3,7.36,3,10.18,18.32,106.24,2,40.53,3,7.69,2.75
20,50,22,31,46.43,9.41,38.32,mothbeans,13.72,1,10.04,2.52,362.9,3.47,5,7.93,17.93,199.88,1,23.02,3,47.62,3.47
11,40,23,29.61,63.05,5.8,50.2,mothbeans,19.41,1,6.99,3.21,368.17,9.86,1,10.79,99.95,167.92,1,29.21,1,32.82,3.63
15,54,15,29.98,57.03,8.35,44.86,mothbeans,17.7,3,6.44,0.87,423.2,6.25,5,6.71,91.09,69.93,3,29.58,3,0.11,1.44
35,55,22,30.89,52.63,8.63,55.52,mothbeans,13.85,3,6.96,12.49,396.5,6.03,2,18.69,21.36,123.45,3,31.24,3,38.33,2.75
9,59,25,30.39,60.16,7.7,35.37,mothbeans,26.94,3,7.96,15.89,408.47,4.39,1,18.2,32.27,197.4,1,10.9,1,78.21,2.99
40,45,18,30.44,55.21,5.26,30.92,mothbeans,19.39,1,10.02,9.29,398.13,9.45,5,15.06,9.32,124.15,2,12.47,1,38.92,4.59
35,38,19,25.33,63.18,9.11,32.71,mothbeans,22.97,1,9.63,6.69,438.35,5.46,2,15.52,22.01,129.53,2,48.63,2,96.27,1.97
14,58,17,30.54,59.97,4.61,33.49,mothbeans,15.97,2,9.12,11.69,374.62,3.71,6,11.93,87.59,50.78,3,13.03,1,34.6,4.17
40,55,18,30.38,40.59,7.12,47.95,mothbeans,17.32,3,6.95,1.71,406.8,1.44,4,6.95,66.38,82.82,1,7.18,2,72.27,4.02
18,36,23,24.02,53.77,7.21,35.03,mothbeans,29.82,3,10.39,4.58,434.83,7.28,4,15.32,41.3,88.77,3,16.02,3,23.92,3.6
35,52,15,28.7,61.15,9.94,65.68,mothbeans,19.3,1,11.36,2.05,366.58,2.81,5,9.14,65.06,79.48,2,47.58,1,89.63,2.75
4,59,22,29.34,49,8.91,42.44,mothbeans,21.83,1,5.65,19.51,410.02,8.62,6,15.87,47.8,75.94,2,46.02,3,43.86,1.7
22,51,16,27.97,61.35,8.64,70.1,mothbeans,21.7,3,9.14,3.23,373.26,9.18,2,9.98,71.06,63.25,2,38.39,1,19.44,3.58
33,47,17,24.87,48.28,8.62,63.92,mothbeans,20.21,1,5.12,10.92,428.38,5.73,1,17.68,10.63,116.41,2,26.35,2,25.46,4.45
2,51,17,25.88,45.96,5.84,38.53,mothbeans,26.22,1,10.99,1.13,405.57,8.67,4,5.62,39.62,128.19,3,36.75,1,25.86,3.99
16,51,21,31.02,49.98,3.53,32.81,mothbeans,16.29,2,10.11,12.45,432.65,9.79,6,8.75,24.33,178.83,3,6.24,1,23.54,3.42
19,55,20,27.43,87.81,7.19,54.73,mungbean,18.5,3,10.06,13.42,386.28,3.96,6,12.06,13.63,194.13,1,44.8,3,64.99,3.78
8,54,20,28.33,80.77,7.03,38.8,mungbean,25.99,3,6.13,9.48,447.48,4.64,1,17.76,56.8,55.19,1,9.72,2,16.52,2.93
36,55,20,27.01,84.34,6.64,55.3,mungbean,20.34,3,6.26,11.1,377.68,8.44,6,14.04,10.91,90.33,2,12.6,3,48.11,4.98
10,56,16,28.17,81.05,6.83,36.36,mungbean,16.4,2,7.98,13.04,441.19,9.59,5,15.85,55.31,104.17,2,36.22,3,10.2,4.45
22,56,17,29.88,87.33,6.89,44.75,mungbean,14.82,1,8.48,19.41,385.69,1.16,1,10.17,66.43,197.55,1,39.21,1,76.56,2.89
9,57,24,29.89,89.72,7.17,42.99,mungbean,14.93,1,10.85,5.48,368.12,7.49,5,19.17,7.66,60.21,2,9.91,2,63.22,4.45
34,59,23,28.56,83.25,6.94,56.48,mungbean,23.47,1,10.87,4.26,401.98,2.76,1,18.89,95.82,166.6,1,25.69,2,99.94,4.6
31,51,25,27.54,85.57,7.2,53.02,mungbean,22.27,1,5.25,12.17,358.55,1.14,3,16.83,87.35,103.2,1,9.31,3,38.54,2.2
0,49,18,29.68,87.94,6.99,41.82,mungbean,15.22,1,10.04,11.3,403.15,8.12,6,14.74,35.72,191.41,2,3.15,2,91.53,2.51
21,39,20,28.14,82.12,7.06,46.76,mungbean,27.04,3,8.6,15.6,352.83,5.16,1,6.19,93.83,105.9,1,7.01,1,79.29,2.37
28,35,22,29.53,86.73,7.16,59.87,mungbean,25.77,3,5.1,7.18,369.52,3.51,3,10.87,53.76,112.86,2,40.85,2,61.5,4.56
17,52,17,27.88,86.45,6.36,44.64,mungbean,29.02,3,10.95,10.99,417.23,7.34,5,16.35,97.91,184.86,2,13.5,3,61.55,4.23
24,42,23,28.22,82.36,6.43,44.01,mungbean,10.33,3,7.25,10.23,393.73,3.72,2,15.41,37.24,186.02,3,39.71,3,6.3,4.08
28,46,16,29.01,84.96,6.66,45.91,mungbean,16.48,1,7.86,10.85,441.41,7.89,2,7.4,68.3,185.67,2,45.1,2,18.24,4
21,38,21,29.76,86.45,6.64,37.55,mungbean,25.53,1,8.1,9.21,368.04,2.33,2,15.87,64.97,167.31,3,40.99,2,75.59,1.41
34,60,25,29.78,85.17,6.79,40.78,mungbean,27.27,3,11.66,5.41,382.99,7.25,3,18.33,62.72,72.92,3,2.53,1,27.33,4.98
19,53,22,27.86,80.45,6.85,42.83,mungbean,19.96,2,9.63,6.56,425.04,1.73,3,8.36,16.39,164.09,1,6.76,3,14.88,3.31
31,58,15,27.11,84.97,7.12,51.53,mungbean,22.28,3,10.13,12.96,407.19,9.31,5,18.2,57.65,184.31,3,15.66,2,25.69,1.26
19,35,24,27.11,83.64,6.88,49.12,mungbean,21.75,2,7.56,16.38,413.53,9.18,5,8.37,18.21,64.59,1,12.66,3,25.28,2.16
24,53,17,28.95,89.08,6.42,57.66,mungbean,26.87,2,6.16,13.17,397.93,3.58,6,14.84,31.8,158.02,3,8.73,3,49.15,1.89
13,47,20,29.22,87.94,6.54,43.14,mungbean,29.17,1,6.53,2.13,408.59,4.71,5,17.62,81,100.17,3,26.23,2,98.75,2.48
31,53,16,28.74,85.82,6.45,48.55,mungbean,25.25,3,9.25,12.98,438.29,5.59,5,6.38,33.8,75.4,3,13.06,3,99.01,3.91
28,45,23,29.65,80.3,6.49,56.76,mungbean,13.9,1,7.36,18.16,445.85,8.07,3,10.39,83.89,50.97,2,42,3,82.19,2.45
31,37,21,27.24,86.4,6.71,37.31,mungbean,24.39,1,5.37,7.54,410.47,3.94,5,8.62,21.99,160.43,1,2.19,2,86.96,3.07
33,60,15,28.95,81.67,6.51,56.51,mungbean,23.06,1,7.31,16,396.77,8.13,1,7.53,82.26,178.85,1,8.31,3,35.25,3.13
34,45,21,28.19,82.61,6.29,37.01,mungbean,10.77,3,11.57,8.15,372.08,7.7,2,14.35,35.38,54.51,2,22.91,1,58.74,3.37
13,57,25,28.3,86.21,6.86,50.47,mungbean,12.35,2,7.84,19.02,376.24,7.04,1,15.43,70.77,154.3,1,31.85,3,37.43,3.75
33,57,17,27.9,88.72,6.78,57.8,mungbean,24.23,3,9.03,5.09,406.38,8.43,6,8.58,47.01,90.37,3,3.64,3,14.18,4.76
32,57,22,28.69,87.5,6.77,44.57,mungbean,13.95,1,8.24,12.59,395.46,3.08,5,8.7,2.4,103.6,3,14.42,3,67.33,3.39
23,59,25,27.83,88.73,6.32,56.69,mungbean,23.68,1,9.51,0.88,442.61,7.01,6,15.58,90.98,126.19,1,46.09,3,4.89,3.12
35,41,18,28.71,81.59,6.71,59.87,mungbean,10.81,1,11.95,5.47,431.85,6.42,6,10.99,81.44,98.44,2,33.83,1,21.05,3.65
6,48,24,28.64,84.61,6.79,48.48,mungbean,23.88,2,6.17,1.82,441.69,2.9,1,14.38,34.62,133.13,3,20.22,2,90.1,3.99
29,36,25,28.29,88.44,7.13,48.57,mungbean,25.72,3,7.58,12.03,428.14,9.83,4,9.55,32.82,162.7,1,12.55,1,78.48,4.41
4,36,22,27.61,86.13,7.01,43.8,mungbean,16.46,1,6.21,0.93,407.32,8.89,6,7.48,59.31,183.33,1,16.39,2,12.97,3.08
10,59,22,28.61,86.99,7.16,36.95,mungbean,23.57,2,10.35,4.38,379.59,5.41,6,14.76,59.42,182.78,1,24.1,1,65.73,4.53
14,48,21,29.25,84.8,6.99,53.43,mungbean,19.58,1,10.91,19.66,357.86,4.63,1,5.74,36.62,153.95,1,43.48,2,72.75,4.08
8,50,21,28.63,89.11,6.22,50.5,mungbean,27.9,3,7.32,9.31,432.62,4.98,6,14.57,3.59,68.27,2,20.96,1,0.1,1.41
20,40,15,29.57,88.08,7.2,45.04,mungbean,24.8,2,5.52,17.43,448.65,3.12,1,13.95,49.52,112.97,3,9.44,2,19.69,4
36,43,22,27.83,87.17,6.39,58.37,mungbean,21.6,2,11.4,4.38,403.1,6.24,4,8.98,98.08,101.82,3,27.21,3,66.63,3.3
14,57,15,29.88,83.15,6.62,40.12,mungbean,22.58,2,5.03,8.1,416.77,5.52,2,15.99,59.03,157.99,2,26.67,1,76.25,4.67
11,60,23,27.34,88.5,7.03,51.1,mungbean,16.99,2,9.9,12.36,366.05,7.11,6,13.3,62.52,178.87,3,41.96,3,23.43,2.95
10,59,15,29.83,89.3,6.32,58.87,mungbean,18.34,2,5.13,10.82,399.47,2.43,1,5.35,17.99,56.43,2,23.46,2,64.08,4.9
7,60,25,28.28,82.76,6.4,56.05,mungbean,15.5,1,10.44,14.93,444.6,8.63,4,7.07,92.84,194.71,1,23.68,2,26.23,2.93
2,47,15,29.87,85.99,6.4,58.41,mungbean,28.47,3,10.87,3.84,423.61,2.14,6,17.04,61.56,76.97,3,39.77,2,18.71,2.25
20,45,22,29.59,89.99,6.9,54.96,mungbean,26.97,1,6.06,2.78,428.93,3.59,4,11.94,11.92,50.42,2,27.12,2,44.77,1.71
2,39,15,28.07,82.91,6.48,49.62,mungbean,23.26,2,10.11,6.12,394.59,9.92,1,17.67,58.62,84.44,2,27.24,3,12.36,2.48
27,40,24,27.84,90,7.06,52.85,mungbean,27.78,1,8.03,6.15,436.3,1.85,1,7.17,33.08,53.98,2,16.58,2,46.7,2.67
35,48,15,27.11,87.45,6.98,55.04,mungbean,10.9,2,11.3,0.87,391.11,3.86,6,19.93,58.7,100.68,2,6.16,2,41.42,1.75
4,59,25,27.69,81.94,6.23,54.62,mungbean,23.29,2,7.99,8.51,414.73,7.93,5,19.07,71.12,78.24,3,19.07,1,83.06,3.66
1,48,24,29.35,85.6,6.23,59.04,mungbean,20.34,1,10.23,11.41,437.42,7.34,1,11.23,96.17,59.77,1,1.34,3,7.67,2.35
36,43,21,28.36,84.86,7.14,52.93,mungbean,22.69,1,10.81,13.59,398.28,7.94,4,16.53,81.15,113.08,3,10.68,3,26.29,4.95
11,46,24,27.65,89.81,6.46,56.53,mungbean,21.88,1,8.42,6.9,433.75,3.08,4,9.11,87.99,94.6,1,25.84,2,65.67,1.85
34,47,19,27.31,85.45,6.57,53.15,mungbean,23.2,3,10.47,3.62,363.92,6.25,2,15.39,82.58,156.47,3,39.02,1,29.03,3.56
21,44,18,27.07,86.9,7.13,50.47,mungbean,19.12,2,6.36,16.41,406.88,4.7,3,17.49,19.05,65.76,2,1.72,3,14.47,2.33
17,58,20,28.07,85.92,6.43,39.24,mungbean,20.51,2,10.14,14.76,392.71,2.9,4,15.95,90.22,149.31,3,15.39,1,35.52,4.84
25,40,21,27.73,81.14,6.25,44.18,mungbean,22.22,1,10.68,6.87,350.92,9.41,4,18.89,79.53,160.32,1,20.65,1,9,2.44
2,38,18,27.54,89.93,6.62,45.49,mungbean,22.58,1,7.44,8.67,400.77,5.22,1,14.85,37.48,154.57,1,7.13,2,29.24,3.3
9,48,20,29.66,84.28,6.38,56.1,mungbean,24.94,3,7.5,4.06,443.77,6.23,5,5.37,68.09,148.21,3,47.4,1,50.09,2.75
37,49,25,29.91,85.85,6.42,41.39,mungbean,19.16,1,10.74,14.96,416.98,9.35,3,10.37,51.67,120.18,2,33.89,1,25.84,3.81
36,38,15,28.36,87.6,6.32,58,mungbean,10.42,2,6.88,13.27,383.65,2.73,3,14.83,84.23,152.79,1,20.26,3,71.06,4.13
40,58,15,29.46,87.61,6.98,43.15,mungbean,13.53,2,11.99,7.14,389.54,8.13,4,16.71,1.81,195.52,3,14.19,3,29.21,4.63
30,44,16,29.73,82.89,6.44,50.92,mungbean,14.7,1,8.21,1.45,435.73,7.96,4,18.2,54.39,131.93,3,5,3,80.58,3.61
1,59,23,27.47,87.18,7.18,43.78,mungbean,26.91,3,11.23,8.6,354.1,5.19,6,13.93,67.09,75.37,2,28.56,2,42.18,1
9,48,22,27.77,87.1,6.4,49.51,mungbean,25.49,1,9.74,7.83,406.52,7.32,3,8.06,35.69,78.32,2,17.46,3,20.31,1.39
14,41,17,29.13,88.48,7.09,36.45,mungbean,24.73,2,5.9,16.22,440.84,5.56,1,11.9,97.62,124.35,2,40.26,1,9.32,1.52
35,52,19,27.11,89.9,6.7,37.46,mungbean,22.48,3,7.58,16.89,390.36,1.98,1,19.8,83.44,89.88,2,18.14,3,12.95,3.89
31,48,17,28.88,86.94,6.59,53.8,mungbean,11.4,3,11.36,8.03,420.58,3.12,4,6.63,69.57,162.21,2,47.66,2,69.77,3.18
4,41,20,28.15,83.8,6.65,37.45,mungbean,22.08,2,7.61,7.5,417.97,2.67,4,11.49,74.37,156.28,2,25.33,3,77.71,3.44
30,37,25,29.89,80.14,7.12,54.8,mungbean,26.23,3,5.79,6.98,400.88,6.12,6,13.35,13.02,179.91,2,19.81,1,56.64,2.06
9,35,20,27.42,80.98,6.91,40.53,mungbean,18.87,1,5.58,6.4,390.46,7.68,3,17.27,39.5,72.11,1,39.36,2,24.4,3.25
20,41,20,29.27,89.49,7.07,50.92,mungbean,28.67,3,8.17,14.46,383.59,4.69,4,5.67,87.52,179.1,2,37.83,2,17.47,4.12
37,50,23,29.65,88.49,6.53,56.02,mungbean,17.12,1,7.83,0.66,356.59,5.94,5,5.98,40.69,136.38,1,29.53,2,63.9,2.7
34,35,21,28.45,82.68,6.68,58.19,mungbean,24.94,2,9.66,11.34,380.66,1.12,2,17.09,62.37,181.37,2,5.43,2,44.43,3.82
14,37,15,27.96,83.98,6.58,48.94,mungbean,24.4,3,7.12,18.21,384.34,2.88,4,8.18,67.24,109.81,2,41.34,3,6.58,4.8
23,39,22,29.26,81.98,6.86,42.02,mungbean,23.55,2,8.95,19.41,446.05,1.7,3,17.45,80.31,72.08,3,29.9,1,88.19,4.51
5,45,21,28.36,88.01,6.49,43.05,mungbean,27.36,3,9.51,1.09,360.69,4.41,1,14.58,10.17,136.88,2,38.06,2,6.16,1.5
22,37,20,27.63,86.49,6.61,39.26,mungbean,23.96,2,7.07,0.5,393.11,2.23,3,18,22.77,108.4,1,31.77,3,63.88,1.34
40,51,17,28.66,86.12,6.86,50.02,mungbean,29.67,3,5.67,3.86,358.12,9.73,2,5.12,57.98,136.67,2,4.47,1,11.74,3.93
27,56,20,29.21,87.11,6.42,51.54,mungbean,15.13,1,6.63,14.37,426.7,4.91,3,9.15,17.31,184.44,3,29.45,3,82.52,3.84
31,40,22,29.41,86.16,6.37,53.35,mungbean,29.61,3,9.14,2.64,432,2.1,1,12.35,74,83.59,1,19.79,3,68.49,3.18
38,36,21,28.03,84.88,6.56,36.12,mungbean,10.51,3,11.58,2.83,434.01,2.81,3,7.46,57.44,107.44,3,4.37,1,3.78,1.69
6,37,17,28.09,80.35,6.76,38.14,mungbean,29.35,3,11.09,9.66,415.83,1.32,1,8.17,54.55,133.99,2,40.88,3,85.86,4.37
6,47,18,29.16,80.28,6.72,40.17,mungbean,27.61,1,11.18,15.47,384.73,6.58,6,13.18,31.63,108.88,2,48.11,1,4.4,1.01
24,44,17,29.86,80.03,6.67,50.66,mungbean,29.15,1,11.15,16.73,376.89,5.69,3,5.49,31.03,95.19,2,46.22,1,67.09,4.7
25,59,19,29.07,83.69,6.63,43.95,mungbean,14.24,1,8.8,0.33,418.61,6.95,1,6.01,58.65,155.66,1,16.38,2,72.43,2.1
32,56,21,27.39,88.67,6.7,58.3,mungbean,23.44,2,10.84,15.6,419.52,4.09,4,13.94,34.74,120.84,1,3.45,1,69.57,2.63
8,45,18,27.93,85.42,7.01,43.25,mungbean,11.66,2,8.46,8.34,355.92,3.99,4,13.1,72.91,63.51,1,30.33,1,52.68,2.03
19,39,17,29.28,81.8,6.89,44.47,mungbean,22.98,1,5.49,18.12,428.3,2.38,4,8.86,68.02,183.96,3,12.92,2,47.2,4.95
39,37,15,29,83.79,6.82,59.84,mungbean,29.03,2,10.3,13.88,367.27,5.89,2,11.82,90.98,151,2,8.66,3,28.94,4.07
33,37,19,27.93,86.55,7.18,43.48,mungbean,15.31,2,9.14,8.21,433.66,2.77,6,10.82,0.07,146.98,3,19.27,1,69.68,3.1
26,54,17,28.55,88.96,6.27,49.49,mungbean,20.29,2,5.21,6.12,370.51,2.7,1,7.57,5.99,188.6,3,11.97,1,12.56,1.76
21,51,15,29.36,89.19,6.68,48.3,mungbean,17.72,3,10.57,17.73,355.78,7.69,3,9.16,27.82,126.43,2,32,1,40.34,2.67
22,54,20,28.56,83.64,6.69,41.01,mungbean,25.67,3,11.26,1.04,413.69,7.05,1,13.67,56.81,193.66,1,30.4,2,45.87,4.84
29,45,16,28.44,87.91,6.58,43.12,mungbean,14.26,1,10.87,8.84,366.8,6.06,1,13.27,45.21,195.91,2,47.25,1,49.41,1.91
4,40,21,28.8,80.46,6.73,44.3,mungbean,11.92,2,7.46,0.34,389.26,5.68,2,8.25,20.17,187.47,3,28.13,3,72.69,4.13
10,37,22,28.73,89.13,7.07,58.53,mungbean,17.85,2,5.77,13.13,368.99,3.68,4,7.42,57.24,160.45,3,2.97,2,44.6,4.55
4,44,19,27.96,83.53,6.92,43.26,mungbean,28.7,3,5.2,13.64,409,9.68,5,18.26,53.16,88.43,2,16.62,3,44.48,2.74
20,45,17,28.17,83.7,6.77,37.25,mungbean,12.36,1,5.08,6.89,395.29,1.31,2,13.06,90.87,101.73,2,21.35,2,28.56,2.25
23,45,23,28.78,86.69,6.98,56.12,mungbean,26.96,3,6.36,8.74,397.75,1.89,6,17.07,8,160.16,1,0.59,2,12.96,1.17
25,48,21,28.44,83.49,6.27,52.55,mungbean,18.61,2,10.03,11.36,406.83,4.21,1,11.27,53.51,113.35,1,11.7,1,80.96,2.54
56,79,15,29.48,63.2,7.45,71.89,blackgram,18.92,1,9.19,19.27,385.64,8.04,4,11.01,19.44,104.53,3,8.05,1,71.52,4.65
25,62,21,26.73,68.14,7.04,67.15,blackgram,26.47,1,7.76,13.51,367.09,5.95,6,14.33,54.39,65.71,2,47.63,2,40.6,2.48
42,61,22,26.27,62.29,7.42,70.23,blackgram,17.85,1,5.61,6.5,423.63,7.1,2,11.78,17.84,73.98,1,46.23,2,90.85,3.79
42,73,25,34.04,67.21,6.5,73.24,blackgram,20.58,2,10.98,10.89,385.39,3.59,4,10.57,11.01,85.19,3,11.9,2,10.26,2.93
44,58,18,28.04,65.07,6.81,72.5,blackgram,26.78,2,8.36,17.84,434.34,8.74,6,14.87,43.66,163.29,3,8.58,3,16,1.14
50,55,16,28.81,65.34,7.58,62.26,blackgram,23.29,1,7.9,8.76,433.54,9.98,3,6.56,58.81,120.57,3,39.2,3,17.67,4.92
35,72,21,34.04,64.29,7.74,66.86,blackgram,16.53,2,10.59,11.91,373.38,1.58,1,16.6,61.29,105.42,1,16.53,3,49.18,1.26
30,64,20,33.86,61.57,6.57,68.02,blackgram,15.65,3,8.95,10.84,423.28,1.31,4,17.94,22,156.56,2,20.36,3,37.12,3.04
27,64,21,32.84,68.68,7.54,73.67,blackgram,11.11,2,5.84,16.87,368.58,3.44,6,14.13,8.95,185.97,2,7.93,3,68.68,2.61
50,74,17,27.1,63.36,6.54,73.85,blackgram,15.37,1,9.59,2.63,399.38,1.54,6,11.23,30.09,144.06,1,46.15,2,44.1,1.68
39,73,24,25.66,61.18,7.22,69.29,blackgram,27.24,2,5.09,11.07,381.59,7.67,2,18.49,46.9,102.29,3,24.07,3,68.08,2.76
57,67,25,32.35,66.61,7.55,64.56,blackgram,24.56,3,10.48,6.12,444.32,7.02,1,5.07,59.84,60.68,3,20.59,2,70.72,1.59
52,63,19,29.59,68.32,6.93,67.53,blackgram,27.23,1,10.11,3.83,412.14,3.57,2,13.03,8.11,50.64,1,21.88,1,67.07,4.67
55,66,22,30.91,68.79,7.75,66.64,blackgram,29.87,2,8.32,12.44,404.9,5.46,6,11.93,13.29,182.27,2,8.21,2,93.98,4.76
51,56,18,28.13,64.21,6.71,70.86,blackgram,14.43,1,11.88,15.64,373.88,3.99,3,6.4,46.97,106.29,2,24.04,2,89.81,2.1
36,66,15,30.09,69.35,6.67,67.14,blackgram,19.14,1,9.15,19.65,390.3,3.84,4,18.08,29.07,183.17,3,46.38,2,13.56,4.04
59,55,19,31.74,62.51,7.33,68.97,blackgram,18.44,2,7.68,11.88,397.85,9.67,1,16.54,93.16,198.04,1,45.58,2,80.39,3.38
50,58,23,27.81,62.5,7.6,69.76,blackgram,25.6,1,8.61,17.03,425.09,5.82,2,15.13,84.31,89.94,1,39.22,1,18.1,3.64
30,65,25,32.89,64.59,7.71,71.51,blackgram,10.08,3,5.23,17.25,446.05,5.56,5,16.89,61.07,83.35,1,21.69,2,35.75,3.25
20,62,18,29.36,64.99,7.37,61.91,blackgram,13.65,3,7.66,13.32,372.29,7.8,6,15.31,12.91,67.38,2,38.13,1,16.76,2.81
58,71,15,27.83,67.59,6.92,74.01,blackgram,16.51,2,9.88,10.5,432.55,9.96,4,11.53,30.14,116.53,2,28.72,1,52.42,2.36
25,71,24,28.5,60.45,7.19,74.92,blackgram,13.61,1,8.14,13.92,426.08,1.47,6,5.58,79.2,159.84,2,18.91,3,87.75,4.24
52,71,16,27.74,68.54,7.08,71.79,blackgram,18.32,2,6.23,0.86,384.98,4.66,3,18.83,10.04,163.29,2,32.69,2,21.15,3.99
40,63,18,30.42,67.66,6.74,63.02,blackgram,17.61,3,7.09,1.62,388.32,1.55,5,15.29,86.88,74.62,1,23.13,3,36.95,2.38
20,60,25,27.33,69.09,6.73,61.19,blackgram,18.27,2,10.7,17.24,362.72,1.66,4,9.35,72.41,174.78,3,28.16,1,51.98,4.66
48,61,21,30.28,61.69,6.63,65.63,blackgram,16.04,1,8.6,8.92,430.3,7.25,3,9.3,19.56,150.67,2,36.7,3,99.47,1.91
49,68,22,28.57,61.53,7.13,63.5,blackgram,26,1,7.35,15.55,396.85,2.55,2,19.07,51.78,127.92,2,29.84,2,62.37,2.95
48,62,15,25.37,66.64,7.54,65.82,blackgram,26.84,3,6.89,11.19,421.8,7.79,2,15.32,48.16,180.61,3,27.17,1,14.9,2.17
32,66,17,34.95,65.27,7.16,70.14,blackgram,22.11,3,8.21,5.44,387.09,8.06,6,11.03,67.17,73.38,3,40.71,3,18.12,2.4
21,63,22,25.1,67.73,6.86,74.62,blackgram,28.14,1,9.7,5.11,381.89,5.82,2,11.79,31.55,194.64,2,40.94,2,17.14,3.76
20,72,19,32.48,64.35,7.4,65.82,blackgram,27.02,3,5.58,13.87,370.03,8.67,1,14.97,42.17,190.62,3,30.31,3,64.7,4.35
25,65,21,33.86,68.59,6.88,69.24,blackgram,27.01,1,10.01,3.51,393.63,9.99,3,5.45,71.79,62.42,1,3.45,3,15.4,1.78
41,78,21,25.2,60.37,6.58,70.89,blackgram,21.52,2,9.28,6.98,356.65,9.33,4,12.2,54.22,94.76,3,34.21,2,65.79,3.26
53,67,17,31.78,69.02,7.3,61.47,blackgram,29.87,2,6.72,9.32,424.03,9.71,1,9.41,98.98,146.37,1,45.36,1,69.86,1.2
39,60,21,34.9,63.6,6.97,64.73,blackgram,28.89,2,9.14,14.13,390.15,2.26,6,7.73,12.94,134.78,3,22.3,2,11.91,4.46
25,76,17,31.74,68.64,7.24,62.31,blackgram,20.26,2,8.51,0.17,394.32,9.81,3,6.16,94.85,88.04,3,47.31,1,91.11,4.97
21,78,19,27.16,66.76,6.92,69.85,blackgram,24.23,2,10.91,8.12,382.25,2.18,6,15.39,59.66,95.13,3,11.71,3,67.2,2.95
57,60,17,26.24,67.89,7.5,73.59,blackgram,22.36,2,5.51,1.1,408.99,6.97,1,10.18,5.96,187.96,1,16.94,3,89.32,3.41
56,75,15,30.2,60.07,7.15,66.37,blackgram,26.45,1,11.55,12.86,430.73,1.74,2,15.32,22.81,151.89,2,36.88,3,83.32,1.34
49,72,15,31.56,67.84,7.14,74.87,blackgram,10.99,1,11.52,3.02,439.2,3.07,3,16.1,34.55,72.64,3,10.4,3,63.52,1.18
24,80,19,29.68,69.09,6.81,65.66,blackgram,27.82,1,10.81,19.59,388.71,2.58,6,6.51,59.2,64.29,3,9.18,1,63.82,3.25
49,76,18,27.05,67.7,7.39,60.47,blackgram,14.86,1,11.21,3.65,436.01,1.21,6,12.83,25.24,153.8,3,4.89,1,35,4.9
28,68,19,34.64,61.39,7.7,72.43,blackgram,24.91,2,10.35,12.12,376.83,3.41,5,12.84,56.88,154.07,1,47.53,3,84.11,1.66
55,78,21,33.39,62.94,6.6,63.57,blackgram,28.74,1,5.34,0.9,408.09,9.08,6,18.19,66.81,89.12,3,28.07,3,37.4,1.85
50,64,25,28.84,63.37,6.73,70.25,blackgram,29.89,1,5.3,10.26,428.31,5.61,2,16.86,79.96,129.96,2,13.34,1,39.23,3.87
34,80,19,31.49,63.06,6.52,71.48,blackgram,27.53,2,8.05,6.65,356.68,8.79,5,15.87,44.1,111.88,2,12.15,1,33.03,4.51
20,68,23,25.55,63.95,7.71,63.18,blackgram,17.81,1,11.26,16.03,374.8,2.57,5,5.12,40.39,86.03,2,49.03,1,61.73,2
55,67,16,34.37,69.69,6.6,70.27,blackgram,25.06,2,10.63,7.66,409.06,6,4,9.9,17.37,156.08,2,13.47,2,95.79,4.85
23,70,15,34.6,63.11,7.4,60.42,blackgram,29.62,3,8.57,8.59,368.09,2.34,5,16.65,41.89,194.61,3,41.35,1,62.06,3.95
53,74,15,29.43,64.94,7.52,72.18,blackgram,14.84,3,7.84,19.98,406.5,3.43,4,10.36,22.13,172.06,1,26.52,2,69.81,2.79
26,67,16,29.11,67.91,7.18,67.83,blackgram,18.17,3,6.51,14.02,427.51,9.78,6,8.14,37.22,117.74,1,40,2,30.39,4.56
33,80,22,28.57,65.72,6.59,70.09,blackgram,12.11,1,7.4,5.14,395.39,6.82,2,9.03,52.28,146.01,1,49.24,1,53.68,4.82
37,79,19,27.54,69.35,7.14,69.41,blackgram,12.92,1,10.15,16.97,421.65,8.89,3,10.97,16.17,55.51,3,38.41,2,78.73,1.34
33,75,21,33.05,68.94,6.69,62.3,blackgram,12.64,1,10.77,19.34,363.71,7.98,5,15.22,6.36,145.86,2,19.01,2,78.06,2.19
22,55,20,33.95,69.96,7.42,61.16,blackgram,10.8,1,11.59,12.02,399.96,5.69,2,11.11,76.34,140.23,2,48.07,3,34.32,1.63
20,68,17,30.12,60.12,6.58,71.73,blackgram,10.82,3,8.93,17.3,408.98,6.8,2,6.3,0.47,127.7,3,2.53,2,49.92,3.89
43,68,20,29.58,66.18,7.5,69.44,blackgram,10.09,1,5.38,15.77,405.96,3,2,18.09,66.66,99.64,1,30.54,2,63.27,2.98
44,76,22,27.26,68.01,7.78,68.92,blackgram,17.98,2,8.7,6.18,369.21,3.35,6,14.96,8.33,194.74,1,21.33,3,5.92,4.78
34,60,16,31.36,64.25,7.32,63.86,blackgram,23,2,7.82,7.42,389.19,7.47,4,8.38,95.01,191.11,1,10.15,2,46.32,3.1
21,72,17,31.52,66.56,7.58,61.71,blackgram,27.78,1,11.76,6.31,370.91,5.16,6,15.62,5.97,124.29,3,30.53,2,88.43,2.71
25,68,19,29.4,64.26,7.11,67.48,blackgram,18.26,1,6.78,9.56,444.37,2.84,5,12.1,33.12,75.07,3,12.64,2,65.81,2.48
41,62,15,29.38,64.15,7.36,65.24,blackgram,26.27,3,5.69,0.18,379.21,4.7,6,7.33,83.76,110.3,3,3.98,1,30.39,4.78
28,65,23,28.39,61.89,7.41,74.24,blackgram,22.95,1,7.38,18.59,384.39,8.83,4,19.47,39.81,50.21,2,18.73,1,62.23,1.2
35,64,15,28.47,63.54,6.5,69.53,blackgram,20.11,1,5.06,3.88,371.3,7.6,6,12.64,24.72,135.5,3,46.24,2,57.24,2.71
52,58,16,30.64,61.15,7.17,71.37,blackgram,29.21,1,7.05,1.87,431.3,4.15,1,19.52,95.36,130.11,1,16.88,1,85.49,4.72
58,75,25,25.26,61.37,7.26,68.65,blackgram,23.7,3,11.8,1.38,361.85,1.73,4,16.33,10.42,144.73,3,21.42,2,64.22,3
34,66,19,32.97,60.18,7.59,73.45,blackgram,29.78,1,9.53,4.67,434.96,3.16,1,6.53,0.64,127.71,1,18.89,3,48.24,3.18
52,70,16,33.67,66.6,7.53,67.33,blackgram,17.3,3,6.45,16.57,377.29,1.47,4,7.91,35.75,71.15,1,12.32,1,1.61,1.43
23,57,19,32.84,68,7.25,73.4,blackgram,25.15,3,5.11,16.38,419,1.52,2,17.44,20.14,114.69,3,26.79,3,46.5,2.36
42,58,25,27.46,62.9,6.51,69.46,blackgram,11.11,2,5.84,11.39,395.27,4.67,4,14.07,17.71,53.7,2,23.43,1,96.76,4.41
37,62,17,25.69,69.84,7.12,74.62,blackgram,20.95,1,9.08,14.96,433.34,8.01,4,9.34,79.46,199.25,1,22.37,3,82.76,2.17
44,75,22,30.03,64.15,7.57,71.21,blackgram,22.08,3,5.41,2.51,404.47,6.75,6,14.5,92.43,119.5,1,5.67,3,42.81,2.43
21,80,20,28.21,68.27,7.35,64.33,blackgram,21.49,2,11.16,14.68,410.84,4.45,2,7.56,16.21,97.32,3,39.56,3,92.55,1.01
56,76,16,28.27,61.19,7.51,63.3,blackgram,23.69,1,11.49,4.13,406.61,3.75,4,11.64,31.42,155.86,2,45.91,1,49.26,1.04
29,76,15,28.54,64.2,7.03,69.69,blackgram,15.51,1,6.93,13.41,367.59,7.83,3,12.16,16.66,123.07,1,5.42,3,98.77,1.32
43,61,20,26.87,61.61,6.8,63.52,blackgram,16.69,2,5.83,10.77,442.43,3.1,5,12.25,88.59,67.93,1,17.22,2,93.49,4
55,60,15,32.8,68.78,7.16,64.11,blackgram,23.35,3,9.74,0.16,427.21,6.59,1,12.45,87.63,70.58,1,28.77,2,45.65,1.98
44,63,15,26.42,64.51,7.34,63.47,blackgram,26.69,1,11.66,12.65,434.08,1.94,5,19.29,81.97,154.86,3,41.02,1,26.62,4.05
29,67,21,29.79,63.39,6.62,63.02,blackgram,19,2,7.13,2.11,382.9,3.01,1,5.89,20.9,58.9,3,30.32,3,94.3,1.46
47,63,16,27.44,67.1,6.66,72.51,blackgram,25.81,2,10.52,17.65,421.31,4.81,5,17.96,60.24,73.18,2,31.09,3,23.71,2.45
40,68,17,34.13,65.15,7.73,70.41,blackgram,20.18,2,7.25,17.47,419.69,3.67,5,6.57,10.67,133.51,1,30.44,2,75.69,4.06
58,61,15,30.95,64.23,7.4,62.79,blackgram,18,1,8.12,19.3,383.79,5.58,5,15.16,35.59,151.6,2,34.56,1,89.41,2.29
41,74,18,28.76,61.03,6.6,73.38,blackgram,26.56,2,7.42,13.84,403.77,1.3,3,5.21,37.31,162.6,2,46.35,3,6.66,4.09
58,79,17,27.25,66.1,7.04,62.32,blackgram,13.28,2,11.5,14.78,356.92,9.53,1,12.41,87.45,54.14,3,10.33,1,62.56,4.17
27,62,24,28.63,66.77,7.35,62.27,blackgram,22.58,3,7.6,9.69,422.97,3.29,5,6.23,64.07,83.36,2,39.53,1,4.27,3.94
27,60,17,26.42,63.65,7.03,64.42,blackgram,21.54,2,7.07,6.78,388.82,4.94,5,12.21,21.36,118.89,1,1.3,3,42.27,4.49
52,65,20,32.82,66.16,6.81,68.84,blackgram,11.26,1,7.19,19.2,350.46,1,2,17.83,56.31,186.89,2,37.47,1,65.56,4.15
44,55,25,29.63,65.91,7.42,71.16,blackgram,14.59,1,9.12,19.08,388.6,5.98,5,18.62,9.06,156.84,3,45.37,3,29.3,1.93
21,62,24,33.49,62.73,6.85,65.45,blackgram,25.62,1,8.32,1.17,444.32,9.07,5,12.81,38.36,80.5,2,24.45,1,97.96,1.28
60,59,22,31.87,66.74,7.19,74.22,blackgram,10.44,1,7.8,13.19,369.45,5.72,2,14.94,79.82,73,2,34.61,3,32.06,1.18
33,77,21,30.33,65.63,7.01,71.65,blackgram,27.96,1,5.03,18.65,410.13,3.44,2,17.67,98.72,71.41,2,27.11,1,14.53,1.01
59,58,17,28.55,66.31,7.37,62.83,blackgram,27.28,2,8.15,16.13,361.89,1.26,2,18,20.9,146.77,3,37.11,1,22.6,1.63
29,63,17,30.03,67.89,7.26,66.47,blackgram,22.5,2,9.23,14.45,359.11,9.33,2,8.11,73.41,93.72,3,5.63,3,65.31,2.06
59,63,18,31.66,60.13,6.53,66.69,blackgram,13.43,2,9.17,17.39,446.93,1.3,6,6.27,5.86,99.75,3,11.36,1,43.24,1.48
29,70,15,30.33,63.55,6.87,74.17,blackgram,12.64,2,9.09,9.04,426.11,9.73,3,8.11,91.09,147.37,3,49.69,2,53.13,2.29
58,73,16,33.37,65.68,6.87,64.9,blackgram,27.93,1,8.05,4.6,437.72,7.12,1,10.06,6.7,98.84,3,20.39,3,95.43,4.7
55,77,22,31.43,62.99,7.76,64.78,blackgram,21.93,3,8.59,0.5,404.67,7.11,2,9.56,61.08,152.81,3,29.49,3,13.23,3.03
42,79,23,27.72,63.29,6.78,68.57,blackgram,22.86,1,7.82,10.04,400.42,7.18,6,9.11,84.85,87.89,2,30.86,3,75.28,3.34
44,77,21,32.64,61.3,7.33,61.84,blackgram,28.14,3,8.23,3.23,433.27,5.91,1,10.04,50.09,156.38,1,49.12,2,88.48,4.39
38,62,25,32.75,67.78,7.45,63.38,blackgram,17.5,3,10.08,12.39,427.74,9.77,1,8.26,82.44,80.33,1,48.16,1,75.62,2.82
32,76,15,28.05,63.5,7.6,43.36,lentil,19.28,3,11.34,15.01,429.28,6.46,3,13.5,52.36,182.45,3,45.95,1,24.88,3.5
13,61,22,19.44,63.28,7.73,46.83,lentil,18.44,2,9.94,9.13,424.61,5.02,1,6.1,82.14,109.5,1,47.25,3,97.76,2.31
38,60,20,29.85,60.64,7.49,46.8,lentil,25.04,1,11.33,7.21,360.03,2.92,2,15.73,4.74,69.98,3,40.22,3,50.15,4.07
11,74,17,21.36,69.92,6.63,46.64,lentil,23.18,1,7.46,6.63,368.77,5.99,2,13.69,77.77,91.9,3,44.72,2,65.42,1.12
37,71,16,26.29,68.52,7.32,46.14,lentil,14.46,3,9.63,17.56,411.59,4.77,5,5.89,68.66,95.91,1,22.55,1,62.38,1.3
29,71,18,22.17,62.14,6.41,53.47,lentil,16.84,3,9.62,7.91,449.66,7.61,3,8.69,68.82,146.37,2,0.88,1,86.69,3
2,72,18,26.58,60.98,7.84,50.89,lentil,17.89,3,6.49,9.76,412.58,6.48,4,19.61,90.36,152.42,3,41.69,2,34.66,3.48
6,59,21,26.59,66.14,6.14,50.91,lentil,10.24,2,8.66,15.43,393.52,9.91,4,12.54,80.39,54.02,2,3.5,1,63.9,2.8
13,64,20,19.13,62.58,6.59,36.47,lentil,26.29,3,8.82,17.3,402.2,7.68,2,12.8,9.39,187.9,1,44.02,1,58.95,3.5
8,58,17,28.75,69.16,7.29,35.15,lentil,20.96,2,8.38,9.03,430.86,1.23,1,8.42,81.95,105.92,1,2.53,2,19.27,2.16
6,77,20,25.79,60.28,6.06,49.14,lentil,20.75,2,11.28,1.29,361.35,3.61,6,8.66,31.58,112.13,3,3.84,1,94.69,1.99
2,75,22,23.89,61.79,6.66,52.56,lentil,28.73,2,7,0.59,410.98,3.42,1,13.84,87.64,179.04,2,20.64,2,49.18,1.63
3,69,23,28.67,63.19,7.3,42.96,lentil,12.73,1,9.62,11.37,425.02,6.14,5,9.15,55.72,176.05,2,37.92,3,38.57,2.98
27,80,24,28.42,61.77,7.82,49.02,lentil,13.46,3,8.13,9.9,441.51,9.62,5,12.16,66.92,142.08,2,7.25,2,37.02,2.4
39,78,15,21.35,62.6,5.93,41.78,lentil,13.66,1,7.68,7.85,433.75,1.22,6,15.67,97.76,196.65,2,34.64,2,85.7,1.54
40,79,17,21.13,63.19,6.4,38.72,lentil,18.49,1,10,13.56,423.73,7.39,4,13.1,76.78,164.93,2,26.71,1,35.33,2.95
37,62,22,24.02,61.62,7.4,49.78,lentil,16.88,2,11.9,10.54,367,9.57,4,9.63,5.02,180.65,3,16.18,1,52.78,2.8
31,60,24,25.4,65.86,7.72,51.92,lentil,22,1,7.77,13.93,358.54,9.42,6,11.41,91.86,80.53,1,34.07,3,23.99,3.08
22,67,22,29.03,64.49,7.48,54.94,lentil,28.96,1,11.45,14.68,388.07,5.05,1,8.73,97.83,139.55,3,16.28,3,82.96,2.15
3,78,18,20.21,68.65,6.89,50.9,lentil,27.86,1,9.44,2.66,401.36,3.94,4,15.99,68.25,192.72,1,22.24,2,66.78,4.27
4,80,16,29.2,68.02,7.44,44.93,lentil,12.83,1,6.55,1.86,380.97,2.88,3,12.59,90.02,193,3,33.04,3,67.73,1.7
13,61,24,18.3,69.69,7.63,49.39,lentil,15.17,3,11.94,16.63,358.26,2.58,3,18.34,87.72,121.6,1,41.83,2,9.3,1.54
12,66,20,27.41,63.42,7.34,44.43,lentil,26.19,1,9.86,14.22,396.53,3.83,2,13.54,36.84,51.05,1,48.83,1,39.57,2.09
4,61,21,24.84,60.09,6.75,48.78,lentil,22.4,3,9.92,7.09,389.67,3.38,1,13.76,26.54,118.83,1,16.8,3,18.23,2.23
9,60,21,29.94,67.31,7.52,40.37,lentil,22.94,1,5.69,2.97,404.33,8.55,5,5.61,21.65,102.31,3,10.73,2,34.06,3.74
18,66,22,25.88,67.55,6.35,47.9,lentil,20.91,2,7.74,16.73,359.26,9.61,2,11.91,95.4,120.63,1,39.21,2,78.12,4.25
32,56,18,20.05,65.84,7.14,46.05,lentil,20.36,2,6.32,12.6,370.01,6.5,5,19.39,59.13,86.89,3,21.04,2,69.11,2.75
6,72,15,22.99,66.71,7.67,54.49,lentil,24.86,3,5.81,14.74,415.47,2.72,3,11.31,15.22,94.99,2,16.06,3,82.82,1.67
15,77,20,25.13,66.93,7.4,49.04,lentil,21.48,1,10.04,15.46,400.88,9.44,4,17.24,43.82,175.74,1,16.92,1,71.45,2.98
0,65,24,28.5,62.45,7.84,53.15,lentil,20.55,3,11.25,3.63,448.81,1.46,4,7.22,3.7,159.45,3,29.99,3,50.22,2.75
30,79,22,18.29,69.49,6.25,48.6,lentil,16.21,2,8.44,12.34,361.27,9.09,3,11.87,19.57,118.14,2,8.08,2,79.72,1.95
3,63,16,24.38,61.18,6.87,53.14,lentil,29.05,2,7.12,3.26,448.91,6.21,3,18.86,6.99,95.35,2,41.65,1,40.19,4.69
2,78,23,21.32,66.44,7.32,45.43,lentil,21.2,1,10.21,6.91,377,7.53,6,12.1,51.56,182,3,32.41,1,9.69,3.79
10,78,18,18.54,62.71,6.3,44.08,lentil,11.62,2,6.9,1.23,427.2,7.34,5,17.36,35.99,92.22,2,13.92,1,14.06,1.4
14,67,25,25.29,60.86,7.24,49.37,lentil,10.94,3,11.84,17.59,376.07,2.37,1,9.1,18.25,148.34,3,40.02,3,29.06,2.86
39,65,23,25.43,69.13,7.69,41.03,lentil,10.67,3,6.39,7.96,420.24,1.74,6,10.23,95.8,97.8,3,39,1,45.98,1.67
19,72,15,28.84,69.76,6.89,44.09,lentil,10.33,3,8.29,4.03,404.27,5.11,4,19.18,38.25,93.99,2,9.01,3,80.41,3.18
18,57,21,27.38,63.94,6.16,49.47,lentil,26.33,1,8.35,11.61,388.11,1.59,5,12.3,19.47,148.71,1,25.11,2,67.77,1.48
31,58,15,28.32,60.19,6.17,45.37,lentil,27.6,3,10.26,13.93,384.73,6.49,2,15.93,61.21,87.45,1,37.18,3,29.18,4.19
28,58,25,27.48,62.05,6.86,37.81,lentil,17.67,1,6.89,3.11,421.13,4.12,5,6.75,5.31,125.25,2,22.22,2,95.26,3
5,65,19,18.28,68.1,6.98,48.8,lentil,19.9,1,7.76,14.67,378.06,1.06,5,7.38,28.93,191.64,1,15.03,3,37.98,4.42
16,65,19,27.61,69.3,7.04,42.72,lentil,29.12,3,9.06,14.03,439.85,7,3,14.37,46.69,117.31,2,47.66,1,8.23,2.85
34,65,19,23.44,63.22,5.94,45.4,lentil,10.79,2,7.36,1.45,424.57,3.7,6,10.65,2.61,88.37,2,6.75,3,0.63,1.4
14,69,19,20.96,63.68,7.24,52.4,lentil,14.96,1,10.68,17.31,373.13,8.3,5,5.4,37.37,101.08,2,28.97,1,14.65,4.49
22,55,16,23.79,68.03,6.52,49.74,lentil,27.07,3,5.05,11.43,400.88,2.2,6,17.82,4.45,159.7,1,32.46,3,64.22,3.03
24,61,17,22.64,65.45,6.23,38.3,lentil,18.08,2,6.3,3.74,393.93,6.37,4,5.3,88.73,120.08,2,28.41,2,29.97,3.67
2,79,15,21.54,65.47,7.51,35.75,lentil,19.23,2,7.82,5.53,382.48,7.12,4,8.76,70.7,91.74,2,0.39,3,52.84,4.93
26,63,17,29.88,65.73,6.95,44.96,lentil,24.74,2,7.5,18.79,396.95,7.02,1,13.35,8.05,55.69,1,48.35,3,97.52,3.46
27,61,15,25.27,67.1,6.96,48.34,lentil,28.64,3,6.14,15.97,367.67,2.9,2,11.82,36.96,75.02,2,32.9,3,74.08,3.53
24,70,16,25.18,68.93,6.55,35.03,lentil,14.35,1,9.78,10.6,415.5,4.1,6,16.79,2.27,164.83,3,25.27,1,38.48,2.12
13,74,25,24.12,61.1,6.46,44.24,lentil,26.96,1,10.71,14.07,361.32,3.74,2,5.05,72.97,53.23,1,5.04,1,59.49,1.88
6,64,23,23.34,67.4,7.07,36.19,lentil,22.04,2,5.67,13.16,431.52,1.17,6,9.09,62.98,97.97,2,38.03,2,72.15,4.68
12,58,23,21.75,63.4,6.77,50.43,lentil,24.89,1,5.7,4.06,449.12,6.12,4,8.44,44.58,190.57,2,28.26,2,61.32,4.68
32,79,22,27.6,63.46,5.92,54.38,lentil,15.71,3,5.95,17.62,447.89,6.27,6,8.33,18.01,110.47,1,25.49,3,51.43,2.36
6,68,18,24.39,62.5,6.71,47.26,lentil,28.35,2,7.12,17.76,402.64,9.38,5,12.21,38.56,117.31,1,22.47,3,63.38,4.18
10,79,20,24.98,66.9,6.38,38.21,lentil,23.2,3,11.86,6.78,406.49,6.18,1,16.02,26.48,163.28,2,2.58,2,13.73,2.19
38,77,22,28.23,69.32,6.31,35.37,lentil,27.96,1,7.15,14.55,448.48,7.27,3,10.98,20.98,153.25,1,15.24,3,7.57,2.8
17,74,17,26.03,69.56,7.39,37.11,lentil,27.88,2,6.87,8.72,394.63,1.66,3,16.97,85.54,140.38,3,9.93,2,74.67,4.41
26,68,24,28.05,64.08,7.5,37.16,lentil,14.64,2,9.24,0.16,374.07,6.27,4,6.89,12.53,166.64,2,41.08,2,29.05,3.55
23,75,17,24.87,64,7.2,48.28,lentil,27.02,3,5.51,4.21,396.43,6.43,3,11.45,34.63,134.59,1,6.6,1,59.51,1.33
32,78,22,23.97,62.36,7.01,53.41,lentil,22.62,1,9.3,13.06,398.43,2.89,1,8.34,38.71,91.36,3,18.32,1,36.94,1.18
19,79,19,20.06,67.76,6.68,42.9,lentil,18.33,1,9.88,8.48,417.29,3.98,5,12.37,24.76,75.33,2,47.71,3,48.3,1.54
22,60,18,19.59,61.29,6.74,41.77,lentil,11.91,3,11.88,3.16,409.58,1.18,3,15.16,43.51,113.72,3,3.8,2,25.39,4.57
28,69,16,29.77,66.29,6.55,35.7,lentil,27.09,2,9.88,1.34,437.14,8.83,3,16.71,18.66,123.09,3,42.34,1,84.24,3.32
1,67,21,27.52,60.54,6.55,48.06,lentil,20.11,1,11.79,16.06,371.88,5.69,4,16.78,16.59,174.76,3,34.82,2,82.44,3.9
12,67,23,25.63,63.15,6.59,45.5,lentil,14.62,1,5.88,1.18,399.1,4.75,2,15.24,78.65,196.59,1,0.78,2,44.21,4.17
36,67,20,20.39,60.48,6.92,53.32,lentil,20.1,1,7.9,9.86,364.6,2.28,1,19.8,30.05,168.2,2,30.91,2,25.6,4.17
28,70,21,25.39,60.5,7.44,39.18,lentil,29.62,3,10.26,3.87,365.48,2.11,5,10.71,53.06,167.55,1,22.44,1,70.05,1.77
12,71,19,24.91,60.71,7.14,42.2,lentil,23.37,1,10.17,17.43,359.82,3.19,3,10.99,88.56,132.09,1,12.62,3,63.93,4.2
22,68,16,27.7,63.21,7.75,37.46,lentil,14.57,3,6.69,16.59,376.33,3.08,5,15.39,65.51,144.82,3,49.97,3,54.76,4.04
26,66,22,18.06,65.1,6.3,51.55,lentil,16.71,2,6.33,13.78,409.99,1.45,4,14.83,71.49,89.31,2,42.96,1,58.74,2.7
16,65,16,18.13,62.46,6.08,50.61,lentil,19.35,1,7.59,8.7,404.81,1.73,1,7.54,5.34,163.65,1,45.09,1,57.63,2.36
14,59,22,23.83,67.9,6.77,46.91,lentil,12.58,3,5.64,9.27,396.29,2,1,7.27,12.12,59.97,1,36.06,2,68.04,3.94
33,59,19,23.19,62.75,7.64,49.55,lentil,25.5,2,11.57,12.23,384.79,7.89,4,15.84,29.35,176.18,3,40.16,2,68.35,2.32
21,63,17,25.09,68.18,6.56,41.45,lentil,24.36,1,11.68,19.08,371.38,3.19,4,17.73,24.76,100.63,3,43.08,1,28.01,1.64
0,69,21,25.87,61.88,7.07,36.68,lentil,20.53,2,8.29,3.99,405.18,3.98,4,5.37,18.3,60.04,3,22.09,1,7.23,2.02
10,75,17,18.44,68.05,7.73,39.01,lentil,10.27,2,8.47,2.72,372.44,6.01,2,15.72,82.08,117.79,1,36.5,1,73.93,3.27
30,61,18,27.15,67.03,6.16,52.51,lentil,16.86,3,9.64,7.54,440.02,8.73,5,5.31,87.17,187.1,3,13.32,1,58.78,1.6
0,74,17,23.33,64.51,7.24,47.02,lentil,11.91,2,7.91,11.94,354.51,7.68,2,12.68,42.69,73.73,1,47.13,2,16.08,3.28
35,74,22,26.72,62.97,6.9,42.87,lentil,18.27,2,11.61,4.11,443.24,9.96,4,7.5,97.22,176.49,2,37.85,1,98.08,2.87
7,63,24,19.56,64.45,6.82,53.05,lentil,28.7,1,6.99,18.28,384.88,2.67,6,6.68,79.42,157.9,1,44.86,3,30.4,1.08
9,56,17,26.14,66.77,6.26,46.48,lentil,26.64,1,9.83,17.45,387.25,5.23,5,17.36,77.47,108.45,1,5.26,3,44.42,4.56
14,74,15,28,65.58,6.49,49.94,lentil,24.29,3,6.85,17.75,409.08,6.77,3,6.19,75.76,198.45,1,31.91,1,40.62,4.81
14,76,20,29.06,62.11,7.04,36.5,lentil,14.97,1,7.2,9.42,426.06,6.94,6,9.99,88.78,89.6,2,28.92,1,9.36,4.46
36,65,16,25.71,64.11,7.69,50.17,lentil,23.13,3,7.33,4.23,432.3,7.21,4,8.6,67.08,154.93,3,25.37,2,4.66,2.53
28,67,21,21.8,63.73,6.25,46.62,lentil,19.05,2,6.07,13.91,447.15,5.56,5,18.01,85.87,126.09,1,30.49,1,78.87,4.66
28,79,16,24.71,60.27,6.05,53.12,lentil,27.42,1,7.1,4.37,400.38,5.53,6,6.51,92.51,113.18,1,30.72,1,85.9,1.64
40,61,22,20.95,65.81,7,44.24,lentil,26.57,2,10.41,18.3,414.02,5.08,6,9.7,89.87,199.98,2,19.3,1,99.5,3.62
10,70,19,24.85,68.98,7.27,41.61,lentil,16.22,3,7.73,12.46,359.68,3.18,1,13.26,30.02,106.57,2,28.73,2,80.97,1.67
12,80,19,21.91,65.22,5.96,36.1,lentil,15.74,2,10.02,6.48,399.08,7.06,4,7.83,28.59,81.82,2,11.09,2,92.02,3.5
37,77,20,25.93,68.71,7.08,51.02,lentil,27.84,1,10.02,13.09,410.08,2.98,2,14.23,74.81,145.31,2,48.03,1,83.2,4.84
0,67,22,29.82,69.41,6.59,51.56,lentil,23.62,1,8.09,7.28,393.73,7.42,3,11.69,39.83,104.99,3,49.03,1,89.18,4.15
7,73,25,27.52,63.13,7.29,45.21,lentil,19.09,2,11.07,0.37,392.65,7.37,2,15.81,71.18,187.44,2,19.72,3,11.45,2.89
10,56,18,28,68.64,7.33,46.11,lentil,28.96,3,11.98,16.64,409.6,7.09,3,11.02,33.57,121.28,1,23.51,1,39.09,1.11
39,70,15,20.77,63.9,6.37,47.93,lentil,14.62,2,11.78,15.16,364.42,8.37,5,6.43,94.2,69.53,3,41.14,2,51.92,3.17
26,56,22,23.05,60.42,7.01,52.6,lentil,23.14,3,11.12,3.25,423.96,3.56,3,18.17,96.93,147.46,1,29.14,1,39.28,4.62
9,77,17,21.66,63.58,6.28,38.08,lentil,14.92,1,6.71,15.56,350.62,8.83,2,18.93,40.35,135.4,1,34.72,2,5.63,4.79
4,59,19,26.25,67.63,7.62,40.81,lentil,23.99,1,11.84,19.77,429.83,2.58,2,19.51,78.8,70.29,3,15.75,2,75.49,2.77
34,73,15,20.97,63.83,7.63,53.1,lentil,20.25,3,10.18,6.45,432.01,8.5,2,19.46,90.04,151.69,1,12.44,2,92.39,1.6
33,77,15,23.9,66.32,7.8,40.75,lentil,16.84,3,11.63,4.96,426.99,4.1,5,9.37,76.55,109.47,3,25.17,2,38.24,2.13
2,24,38,24.56,91.64,5.92,111.97,pomegranate,29.82,1,5.23,11.64,358.98,2.06,6,6.46,74.81,182.63,3,1.26,2,88.36,4.98
6,18,37,19.66,89.94,5.94,108.05,pomegranate,26.19,3,6.71,4.67,381.06,8.96,3,17.72,62.17,198.19,3,49.18,3,11.88,2.74
8,26,36,18.78,87.4,6.8,102.52,pomegranate,16.18,3,10.55,2.44,415.53,1.49,6,9.6,88.58,133.82,2,30.04,3,75.05,1.69
37,18,39,24.15,94.51,6.42,110.23,pomegranate,29.7,1,10.04,17.16,411.64,6.35,4,8.88,72.69,187.59,1,31.21,2,65.02,2.91
0,27,38,22.45,89.9,6.74,109.39,pomegranate,22.68,1,5.43,17.39,398.11,2.51,5,10.81,90.37,195.6,2,21.61,3,35.72,3.11
31,25,38,24.96,92.41,6.5,109.42,pomegranate,12.18,1,5.57,1.08,353.53,7.14,2,19.4,14.74,92.1,1,12.48,3,56.18,1.87
21,21,38,22.55,89.33,6.33,104.9,pomegranate,26.28,2,5.6,9.05,414.86,2.94,3,9.15,99.91,171.23,3,45.54,2,74.97,1.76
6,30,40,22.77,91.45,6.36,106.97,pomegranate,23.71,1,6.82,2.7,423.71,9.35,4,15.41,25.1,103.63,3,21.91,1,32.99,2.69
25,27,41,19.2,94.28,6.92,108.04,pomegranate,10.81,2,11.31,5.7,430.73,1.45,4,15.29,71,158.98,3,47.66,3,71.93,1.44
15,11,38,23.13,92.68,6.63,109.39,pomegranate,24.4,3,9.8,3.71,350.11,5.43,4,10.77,83.32,112.45,3,1.02,2,60.06,2.5
14,5,36,24.93,85.19,5.83,104.77,pomegranate,16.85,2,11.17,11.03,385.63,7.13,3,10.38,87.22,171.13,2,39.51,1,89.96,1.1
16,10,41,24.77,85.64,6.74,105.76,pomegranate,25.15,1,9.37,9.19,357.97,9.91,5,16.54,78.81,142.42,3,49.14,2,18.98,3.11
36,7,37,19.87,86.36,5.78,108.32,pomegranate,27.75,2,5.47,1.05,390.98,9.04,4,12.88,83.36,58.52,2,6.5,2,3.69,1.93
4,20,41,24.27,93.8,6.54,104.54,pomegranate,15.01,1,6.62,19.78,395.15,7.06,4,9.5,88.07,132.32,3,2.75,1,93.94,2.96
29,22,40,23.63,89.73,6.15,107.68,pomegranate,26.84,2,9.53,14.74,438.22,2.89,2,11.04,53.78,168.47,2,2.92,3,10.72,3.95
16,15,42,19.68,89.09,6.89,108.55,pomegranate,15.44,1,7.43,5.02,449.24,4.17,5,13.77,63.47,169.74,3,24.93,2,12.03,4.65
18,27,41,22.37,92.31,7.18,104.82,pomegranate,24.32,2,9.29,0.39,388.71,6.43,4,14.02,64.93,149.02,3,1.05,1,77.43,4.69
11,18,42,21.58,94.88,5.94,102.86,pomegranate,18.97,1,11.29,0.13,438.85,5.1,1,13.24,4.16,134.99,3,33.67,1,91.02,1.47
5,15,38,18.26,88.17,5.71,108.08,pomegranate,28.77,1,8.86,6.84,390.33,8.55,6,11.92,95.7,94.06,2,20.6,3,58.77,2.11
18,23,44,23.71,89.62,6.18,105.65,pomegranate,13.13,3,7.01,14.51,411.49,6.07,2,12.67,86.57,112.38,1,4.34,3,15.23,1.65
9,8,40,22.49,89.92,6.55,111.66,pomegranate,11.74,3,5.27,5.69,364.7,9.77,4,18.96,61.07,187.57,3,40.33,2,38.26,1.64
40,27,45,21.66,94.79,5.89,112.43,pomegranate,25.62,2,10.12,4.53,387.97,8.7,3,12.27,4.25,98.42,1,38.42,2,39.53,1.42
22,23,44,20.13,89.32,6.14,107.34,pomegranate,16.55,2,10.16,4.82,411.99,8.04,2,13.5,27.5,148.32,2,45.09,3,12.07,2.69
9,16,39,18.41,91.12,6.1,105.18,pomegranate,28.93,3,6.32,14.41,435.19,3.83,2,9.15,40.42,87.58,2,26.26,1,19.69,2.46
12,29,40,19.68,89.75,6.59,111.28,pomegranate,12.74,1,8.47,13.92,384.98,2.02,3,16.48,6.45,113.05,2,17.6,1,9.97,1.74
0,17,42,23.2,91.19,6.86,109.09,pomegranate,10.61,2,7.82,8.17,396.79,6.95,2,14.94,45.76,74.9,1,14.5,3,70.17,3
2,21,44,18.92,87.31,6.57,102.8,pomegranate,26.34,2,10.93,8.22,355.32,9.27,6,15.75,55.34,108.29,1,8.12,2,23.34,1.54
28,6,40,22.11,91.34,6.77,106.87,pomegranate,18.55,3,7,2.34,398.07,2.43,3,5.83,43.69,78.51,2,24.18,3,27.99,2.67
8,23,44,18.47,89.69,7.13,108.48,pomegranate,28.38,2,10.6,10.39,389.47,7.86,3,13.98,2.9,118.97,1,38.42,3,32.23,2.3
29,16,36,19.81,88.93,5.74,102.86,pomegranate,29.07,3,7.13,0.84,382.09,8.67,3,9.66,52.19,78.51,2,33.48,1,84.32,3.2
17,18,43,24.49,90.84,5.84,103.2,pomegranate,17,1,8.79,6.65,437.38,2.7,4,9.12,74.99,97.23,2,8.43,1,27.7,2.44
34,21,42,18.76,89.93,6.65,111.02,pomegranate,16.97,2,11.2,6.06,360.76,5.41,4,11.87,6.95,106.17,2,2.12,2,5.74,3.81
21,23,42,19.54,90.3,6.9,104.37,pomegranate,27.21,3,10.35,3.47,430.24,2.7,4,14.46,99.09,198.25,1,24.91,3,69.36,1.49
25,17,40,18.91,87.75,6.61,111.28,pomegranate,19.28,3,10.46,19.91,367.44,9.27,5,11.05,75.95,102.31,3,15.64,1,82.93,4.33
8,25,36,19.91,94.95,6.83,104.03,pomegranate,19.61,3,6.23,3.45,396.31,5.42,4,7.42,66.2,88.51,2,17.78,1,63.86,4.76
26,18,42,19.73,89.65,6.91,108.23,pomegranate,21.14,2,7.45,14.23,409.46,3.18,4,18.4,34.08,171.28,3,27.04,3,1.7,1.53
4,19,42,23.83,87.84,6.31,111.22,pomegranate,26.39,1,11.16,12.38,362.14,6.18,5,10.44,77.31,191.93,1,19.49,1,40.84,4.98
36,24,41,24.94,94.26,7.01,103.88,pomegranate,12.67,3,11.04,15.35,370.16,4.28,5,13.51,78.08,182.88,2,34.59,2,54.63,1.63
5,24,40,24.69,93.87,6.3,104.67,pomegranate,16,1,5.26,16.31,425.21,9.51,1,5.47,95.72,74.86,2,31,3,42.54,1.47
19,17,39,24.72,85.56,6.73,111.28,pomegranate,27.33,2,10.66,5.07,382.24,8.04,3,14.06,97.95,177.89,2,43.17,2,8.51,4.22
39,30,38,20.13,87.6,6.97,108.07,pomegranate,11.2,2,5.16,13.65,404.01,1.25,4,16.11,60.23,173.28,1,25.86,1,28.01,1.12
5,29,44,21.02,93.06,5.58,104.78,pomegranate,15.82,3,8.65,16.25,363.57,6.71,1,7.26,34.88,163.2,1,3.34,1,40.09,1.39
4,24,43,22.4,88.15,7.2,109.87,pomegranate,12.89,1,5.66,6.62,350.4,1.46,3,5.08,21.9,191.56,1,3.94,1,25.49,4.85
38,21,35,20.34,89.38,5.84,110.97,pomegranate,21.03,3,8.43,17.2,401.64,2.41,2,17.2,83.19,143.67,3,27.07,2,26.82,4.5
37,11,36,24.25,85.56,6.71,106.92,pomegranate,19.66,1,8.56,8.27,368.51,8.15,2,6.69,38.26,160.51,2,33.69,2,36.18,4.69
9,25,41,24.82,91.91,5.97,109.29,pomegranate,22.06,2,7.36,10.16,369.38,8.22,1,14.95,58.46,91.77,1,31.75,3,21.04,4.45
29,22,43,19.66,87.95,5.56,106.04,pomegranate,29.2,1,5.26,8.32,408.08,4.2,3,7.4,66.81,83.04,2,21.07,2,61.06,3.56
5,21,38,22.43,90.34,6.11,112.46,pomegranate,16.15,3,6.94,2.52,421.94,7.25,3,13.04,60.99,143.76,2,17.61,2,40.97,1.91
22,26,38,22.92,85.13,6.99,110.24,pomegranate,19.37,1,7.51,15.38,410.95,5.86,3,7.19,56.39,122.63,1,42.84,1,0.67,1.66
4,18,37,22.92,85.41,7.13,106.28,pomegranate,29.61,2,5.79,18.07,449.37,2.62,3,16.42,98.93,169.75,1,15.96,1,99.04,4.81
21,6,41,24.88,89.4,7.09,107.2,pomegranate,20.98,3,9.69,14.84,423.14,2.06,4,19.58,95.16,142.36,3,30.21,3,22.68,4.31
29,21,45,23.41,93.13,6.75,105.22,pomegranate,15.95,1,5.17,9.56,420.7,5.43,3,11.51,53.32,165.72,3,36.5,2,20.03,2.35
23,5,44,21.21,94.26,7.16,107.57,pomegranate,28.91,2,6.5,10.79,444.67,6.43,4,5.93,26.63,79.85,2,10.71,3,13.09,4.6
13,7,43,18.2,91.12,7.01,109.66,pomegranate,28.24,3,8.95,19.82,386.24,9.83,6,14.61,2.59,199.39,3,29.34,1,28.93,2.52
5,13,37,22.34,89.79,5.65,103.32,pomegranate,11.44,1,7.36,10.43,353.54,4.93,5,9.26,99.95,159.78,2,15.5,3,81.74,4.72
27,24,41,24.33,90.88,6.61,110.46,pomegranate,20.38,2,11.56,6.44,369.51,4.96,6,19.48,1.49,131.13,1,44.02,2,98.46,2.88
7,23,35,19.75,88.72,7.05,102.55,pomegranate,18.84,1,11.09,6.95,396.93,8.94,5,9.66,88.91,123.45,1,43.72,3,75.41,3.06
12,20,39,19.86,86.2,6.03,111.02,pomegranate,19.68,2,6.32,16.44,405.13,6.86,3,10.28,92.28,161.24,3,12.68,3,31.96,2.41
4,19,43,18.07,93.15,5.78,106.36,pomegranate,26.16,1,10.32,2.37,360.79,8.23,4,17.86,18.66,186.14,2,8.69,2,29.31,3.65
3,9,45,23.89,89.62,6.54,104.62,pomegranate,19.87,1,9.61,11.42,419.28,3.33,3,9.16,29.48,176.22,1,28.69,1,58.09,2.75
1,27,36,23.99,93.34,5.68,104.99,pomegranate,28.66,2,9.14,15.39,437.92,9.92,4,13.77,6.17,63.98,1,46.05,1,27.97,3.03
23,30,44,20.94,85.43,6.12,103.03,pomegranate,25.65,3,5.81,7.6,421.53,1.94,1,16.34,35.53,75.76,3,24.92,2,59.02,4.06
24,21,42,20.82,87.23,7,109.44,pomegranate,29.85,1,6.28,6.42,424.06,2.76,1,19.98,38.81,104.47,2,10.61,1,65.98,2.68
13,30,37,20.86,91.62,6.28,106.87,pomegranate,25.63,2,6.1,11.59,372.94,9.22,5,8.35,5.48,53.28,1,13.2,1,75.29,1.21
40,11,44,24.46,86.11,6.32,111.38,pomegranate,29.71,2,11.53,19.88,419.8,6.83,1,5.07,90.5,72.53,2,32.53,1,33.43,1.04
21,9,40,24.51,90.64,5.96,105.62,pomegranate,22.52,2,5.25,12.82,362.6,2.07,2,16.74,84.85,192.86,3,42.63,1,6.6,1.5
3,27,44,24.57,92.03,6.59,110.96,pomegranate,25.95,3,5.15,14.12,371.4,9.84,5,17.25,95.57,191.38,2,43.14,3,87.03,1.18
40,29,42,24.63,89.02,7.1,110.7,pomegranate,29.05,3,6.58,18.26,391.4,2.54,5,5.27,8.6,62,1,10.01,1,53.1,1.11
14,25,40,20.07,90.98,6.41,103.71,pomegranate,21.93,2,11.13,3.64,429.84,2.97,3,11.11,24.67,148.7,1,10.22,1,87.65,1.92
38,14,37,21.81,94.64,6.66,102.65,pomegranate,18.33,1,6.84,6.24,376.9,6.06,1,9.09,1.85,172.95,1,26.44,3,14.79,2.39
34,9,36,22.81,86.34,6.28,110.44,pomegranate,12.56,3,9.58,15.4,378.19,6.93,6,18.93,43.84,144.3,1,36.28,3,26.2,1.61
32,14,37,22.73,88.49,6.83,104.68,pomegranate,17.1,2,8.62,1.29,412.21,1.58,1,18.05,22.34,146.48,2,2.3,1,69.49,1.84
18,21,35,23.28,94.94,6.37,111.14,pomegranate,22.6,2,6.97,14.01,430.82,1.38,4,18.23,73.97,89.53,2,33.81,1,23.25,1.74
8,23,38,19.3,87.18,7.01,105.48,pomegranate,24.99,3,10.61,9.94,432.04,9.35,3,15.66,82.41,191.92,1,19.02,2,82.1,3.58
15,6,41,19.01,88.84,6.9,108.68,pomegranate,14.52,3,6.45,8.6,360.84,1.06,4,16.17,23.85,184.11,1,14.43,1,63.77,2.8
0,5,36,24.35,90.89,6.15,105.53,pomegranate,11.56,2,9.74,7.7,371.11,4.27,6,7.63,69.02,179.48,1,43.94,1,45.84,3.24
22,9,44,24.72,88.88,5.74,112.19,pomegranate,10.79,2,6.7,12.08,358.36,3.68,4,7.34,75.31,66.37,1,43.07,2,48.06,1.66
14,8,43,21.93,94.46,7.05,111.72,pomegranate,24.56,2,5.45,15.01,425.03,1.36,4,13.71,26.85,123.86,3,48.52,2,45.06,2.65
31,11,45,24.84,86.89,6.03,107.64,pomegranate,15.58,2,11.14,1.54,359.9,6.18,3,18.8,39.74,96.05,1,0.73,1,73.22,2.33
39,17,45,18.1,90.42,6.92,104.88,pomegranate,24.73,2,9.71,14.6,437.76,3.12,6,19.18,21.28,87.47,3,30.05,1,86.03,1.06
10,5,42,20.24,91.09,6.89,109.25,pomegranate,22.17,3,8.15,3.82,434.82,7.19,2,18.33,59.56,137.22,1,44.43,3,28.53,2.58
8,28,38,23.23,94.43,6.84,105.69,pomegranate,24.31,1,5.74,3.02,422.44,4.38,4,5.79,80.91,155.76,1,32.96,2,89.9,2.39
32,13,42,23.5,92.98,5.79,106.62,pomegranate,29.98,1,6.41,19.7,363.1,2.94,2,11,43.71,193.9,3,23.81,2,98.48,2.44
18,9,40,19.45,89.02,5.63,106.16,pomegranate,24.12,2,9.5,14.04,416.4,9.77,4,19.82,95.71,154.53,1,9.24,2,68.35,3.67
20,27,41,20.51,92.52,5.7,110.58,pomegranate,28.94,3,10.03,18.86,404.8,5.83,5,10.65,13.05,198.73,1,16.87,1,46.53,4.35
39,25,36,18.9,95,5.57,107.61,pomegranate,10.93,3,10.71,18.34,424.72,4.6,4,14.3,13.73,175.2,1,15.66,1,26.11,3.35
20,7,45,18.91,89.24,6.08,112.48,pomegranate,26.91,1,11.26,10.46,446,5.02,1,5.88,38.36,164.71,3,46.37,3,69.08,3.43
11,10,45,22.63,88.46,6.4,109.04,pomegranate,24.17,3,6.35,4.21,379.95,4.09,6,18.5,51.79,84.75,3,16.53,3,41.54,2.06
40,18,43,19.39,86.79,5.77,109.91,pomegranate,26.69,1,10.57,6.5,423.2,2.98,2,11.59,34.84,81.73,1,10.38,1,80.17,1.86
3,26,39,24.38,91.19,7.08,103.6,pomegranate,17.85,1,10.09,10.3,441.27,1.84,2,5.29,92.8,186.7,2,24.92,1,85.14,2.99
9,16,36,23.78,92.93,5.89,106.98,pomegranate,19.47,1,6.94,15.63,376.35,8.53,3,12.1,40.76,166.96,2,26.5,2,63.51,4.93
30,20,38,22.6,93.16,7.06,110.09,pomegranate,28.2,2,7.95,4.48,360.6,7.96,4,10.12,36.82,90.99,2,17.19,3,37.97,2.32
40,9,41,24.38,85.4,5.78,106.13,pomegranate,10.43,3,10.02,15.99,389.24,8.22,3,13.44,62.97,91.48,3,43.52,2,37.74,2.83
40,30,35,20.89,91.08,6.27,104.44,pomegranate,11.45,2,9.45,15.86,354.81,2.22,4,9.42,80.87,114.82,1,24.6,2,25.33,3.68
32,25,35,18.1,85.71,5.89,107.01,pomegranate,12.36,3,5.34,9.12,375.74,6.69,4,12.6,33.57,189.5,1,2.91,1,39.31,3.84
33,23,45,20,85.84,7.12,112.34,pomegranate,28.83,3,11.38,18.74,405.9,5.6,1,14.54,24.45,77.79,2,10.76,1,44.51,4.33
4,14,41,19.85,89.81,6.43,102.82,pomegranate,20.66,2,7.04,16.2,401.41,4.48,2,17.17,82.52,161.21,2,4.45,3,67.85,2.1
13,17,45,21.25,92.65,7.16,106.28,pomegranate,24.48,3,5.74,11.84,408.2,3.57,3,13.76,54.28,188.89,2,17.98,2,68.04,2.66
39,24,39,23.65,93.33,6.43,109.81,pomegranate,13.01,2,5.7,19.01,441.08,4.46,5,19.79,29.68,153,1,0.99,1,62.48,1.94
8,28,37,23.88,86.21,6.08,108.31,pomegranate,28.5,2,10.84,7.22,422,6.21,2,11.23,41.99,92.79,2,16.54,3,35.62,2.13
91,94,46,29.37,76.25,6.15,92.83,banana,12.93,3,5.04,13,420.34,5.33,3,19.92,51.09,137.39,2,23.36,2,59.48,4.79
105,95,50,27.33,83.68,5.85,101.05,banana,23.04,2,10.57,0.8,430.12,7.27,1,7.14,73.37,77.51,1,31.9,3,15.53,1.32
108,92,53,27.4,82.96,6.28,104.94,banana,12.52,1,9.88,15.01,431.57,2.38,4,12.76,3.86,129.51,2,47.38,1,86.86,4.26
86,76,54,29.32,80.12,5.93,90.11,banana,22.51,3,5.19,16.74,408.53,7.92,2,13.95,61.01,187.53,3,0.7,2,5.03,4.64
80,77,49,26.05,79.4,5.52,113.23,banana,29.78,3,7.79,18.4,388.42,7.24,6,5.81,71.36,97.71,1,2.4,1,77.23,3.04
93,94,53,25.87,84.42,6.08,114.54,banana,16.78,2,7.07,14.86,414.92,7.39,6,18.53,87.49,94.3,3,30.68,2,3.45,1.37
90,92,55,27.01,80.19,6.13,97.33,banana,18.15,2,5.62,8.41,389.4,1.27,2,11.73,4.59,110.69,1,18.49,3,72.25,2.25
108,89,53,29.55,78.07,5.81,99.34,banana,10.05,3,5.71,13.45,394.92,9.41,6,16.11,64.23,89.61,3,2.45,3,61.19,2.96
108,88,55,26.29,83.39,5.89,113.87,banana,13.94,2,6.2,17.51,350.7,5.12,5,12.69,62.57,127.78,3,23.25,1,48.78,1.89
105,77,52,29.16,76.16,5.82,100.01,banana,11.71,2,10.16,6.36,406.6,4.38,1,15.54,70.29,51.12,2,19.02,1,21.61,2.8
118,88,52,28.65,82.69,5.84,98.75,banana,13.36,3,11.52,19.99,388.5,4.63,6,14.42,61.72,197.22,1,3.53,2,59.9,3.28
101,87,54,29.07,76.5,6.38,100.17,banana,24.93,1,9.31,1.66,388.27,7.46,1,19.4,43.75,177.86,1,16.37,1,21.46,3.76
95,75,50,28.08,75.26,5.62,118.28,banana,16.53,1,9.46,5.4,435.93,2.4,2,17.96,60.92,123.61,3,13.68,3,34.17,3.83
106,85,53,27.2,78.81,5.92,99.72,banana,25.54,3,9.6,11,421.13,1.69,1,14.51,32.35,58.59,2,14.12,3,20.76,2.19
86,95,49,28.05,78.05,6.46,108.4,banana,11.73,3,6.93,12.01,403.57,9.44,6,13.57,10.06,51.75,3,33.69,1,74.13,3.88
83,79,55,25.15,83.35,5.57,98.67,banana,14.84,3,8.23,8.45,398.4,5.87,4,12.45,33.03,89.4,1,32.2,1,96.27,2.79
85,95,47,25.94,78.34,6.21,119.85,banana,27.52,3,6.53,2.43,407.35,7.46,1,12.32,69.3,153.76,2,12.71,1,62.56,4.73
109,79,45,27.67,79.69,6.49,108.66,banana,15.31,1,10.39,1.17,398.43,2.49,3,17.1,35.15,65.84,2,41.17,2,89.9,2.32
100,76,45,25.57,75.94,5.59,102.79,banana,28.76,3,7.15,15.54,388.72,5.5,5,16.46,93.75,146,1,23.71,1,35.79,3.14
117,86,48,28.7,82.54,6.23,116.16,banana,15.9,3,8.1,18.49,382.5,9.42,2,17.01,16.46,142.82,3,32.97,3,20.17,3.89
114,94,53,26.34,76.85,6.19,118.69,banana,23.49,3,6.04,10.41,399.39,1.04,6,14.09,53.53,122.57,3,4.45,2,10.04,2.9
110,78,50,25.94,78.9,5.92,98.22,banana,29.31,3,10.24,14.84,381.85,2.72,6,19.41,46.26,189.58,2,7.53,1,17.98,4.61
94,70,48,25.14,84.88,6.2,91.46,banana,20.72,3,5.4,4.44,419.03,9.99,3,11.78,6,60.28,1,6.63,2,6.26,2.13
80,71,47,27.51,80.8,6.16,105.08,banana,29.88,2,9.16,15.21,370.83,8.61,2,5.96,86.78,170.48,1,20.25,1,84.3,1.61
114,79,51,26.21,82.34,6.31,112.07,banana,18.23,3,8,2.3,405.85,2.78,5,6.2,25.73,161.47,1,44.46,3,66.68,4.78
88,78,45,29.1,79.2,6.32,92.08,banana,18.73,1,9.52,14.71,408.59,9.16,1,9.68,85.42,67.18,1,46.22,2,64.9,1.23
112,73,48,29.24,77.32,5.71,90.67,banana,10.24,1,11.06,14.93,367.81,8.19,4,11.35,99.14,138.79,3,39.42,1,40.62,4.02
117,76,47,25.56,77.38,6.12,93.1,banana,20.53,2,9.37,14.79,382.02,7.05,6,5.94,78.26,104.98,1,19.5,1,32.22,3.62
111,87,48,26.4,81.36,5.57,98.17,banana,13.12,2,11.67,9.36,359.76,4.07,1,14.68,33.32,58.3,1,26.38,1,64.46,2.28
89,83,47,28.1,77.8,5.63,109.54,banana,22.4,3,11.16,14.04,424.36,1.93,4,19.95,93.89,155.76,3,8.74,1,46.84,3.44
93,91,47,27.85,83.31,6.1,117.29,banana,27.56,2,9.65,6.23,360.8,9.65,3,11.2,60.13,69.03,1,9.72,2,37.89,4.87
92,81,52,27.39,81.47,6.44,94.31,banana,19.95,1,8.5,6.66,381.46,1.74,1,8.18,73.4,120.36,2,27.73,3,96.15,4.45
105,74,45,25.15,81.38,6.1,119.22,banana,14.21,2,10.44,0.18,393.46,3.6,6,11.18,36.49,70.36,1,4.04,1,97.69,3.5
102,71,48,28.65,79.29,5.7,102.46,banana,26.48,3,11.16,13.07,394.88,1.34,2,15.63,47.62,188.24,2,40.59,3,13.16,1.77
94,91,51,29.16,76.67,5.62,109.58,banana,16.34,2,9.51,8.04,352.48,8.67,2,16.04,8.13,157.17,2,44.59,1,16.22,4.26
116,71,47,27.57,82.06,6.44,91.34,banana,19.18,2,11.85,1.51,390.93,8.68,6,7.61,14.71,136.55,2,7.34,3,60.95,4.96
117,79,49,25.41,82.36,6.18,112.98,banana,28.66,3,10.11,14.84,437.95,7.24,2,7.93,48.36,52.61,2,5.85,1,36.12,2.45
119,72,55,25.99,83.34,6.22,112.08,banana,24.81,2,10.47,0.17,374.58,7.01,4,9.83,79.26,111.33,2,9.71,3,83.81,1.2
99,73,53,26.29,81.06,5.87,118.67,banana,12.08,3,9.69,0.89,410.97,6.99,5,7.81,90.98,146.91,1,34.1,1,19.41,3.42
91,84,52,29.15,78.71,6.39,117.54,banana,28.2,3,8.61,1.33,353.04,5.54,1,19.05,89.95,108.01,1,2,2,79.01,1.92
80,90,47,26.6,79.36,6.21,107.39,banana,11.51,1,10.03,16.74,394.48,9.82,1,7.99,44.37,189.2,2,0.56,3,92.42,1.24
101,70,48,25.36,75.03,6.01,116.55,banana,15.53,2,9.19,2.82,427.37,1.95,5,10.19,27.64,133.67,2,19.04,3,72.78,3.3
108,89,53,29.12,80.18,5.91,112.4,banana,23.12,1,8.97,19.5,399.43,9.24,1,12.9,10.1,82.37,1,24.83,3,67.9,3.54
100,80,52,27.54,77.26,6.05,110.33,banana,25.52,2,9.51,5.51,379.27,9.93,1,6.12,42.7,126.97,1,44.2,3,85.23,1.93
109,91,53,29.67,83.51,6.01,110.25,banana,15.79,1,7.27,17.8,368.27,5.7,5,10.47,23.41,164.87,2,27.62,3,33.02,2.52
82,78,46,25.06,84.97,5.74,110.44,banana,25.34,1,11.72,2.29,442.97,7.97,6,17.7,66.45,125.27,2,4.65,3,38.85,1.16
106,70,55,25.87,78.52,5.74,116.3,banana,22.32,2,11.57,2.22,372.6,5.74,2,11.82,54.05,66.63,1,12.06,1,15.97,3.53
90,86,52,25.85,81.96,5.79,119.09,banana,14.38,3,11.05,16.38,363.51,9.76,3,11.39,96.81,188.49,1,44.2,1,3.86,4.19
83,95,50,26.52,77.8,5.51,108.85,banana,28.19,3,7.24,1.3,387.78,9.45,6,6.55,43.1,144.92,2,9.53,3,27.27,1.97
119,90,48,28.67,79.59,5.99,118.26,banana,29.75,2,9.01,2.86,362.06,1.55,4,13.07,71.37,83.13,2,23.74,1,12.59,1.94
107,72,45,28.15,81.54,5.79,91.41,banana,25.71,3,11.18,9.28,423.05,7.09,3,15.92,73.03,191.5,1,11.41,2,27.27,1.16
116,81,55,26.42,83.7,5.92,95.12,banana,11.3,1,7.01,15.69,354.82,8,4,6.01,92.99,180.71,3,48.2,3,52.85,3.94
101,75,50,26.59,81.41,6.24,109.98,banana,24.42,1,7.72,2.84,441.56,2.14,5,16.79,67.77,94.92,2,17.77,2,56.77,3.96
93,81,50,27.72,76.58,6.04,102.21,banana,25.78,3,7.65,10.58,399.68,2.22,6,12.01,36.56,54.92,1,22.66,3,58.61,2.67
95,75,45,28.98,82.96,5.83,109.02,banana,21.27,2,11.99,7,367.16,4.14,2,5.62,5.94,110.61,1,42.57,1,60.97,4.75
107,71,55,29.42,83.97,6.09,117.23,banana,20.62,2,6.8,6.17,371.63,6.75,4,11.28,63.57,183.96,2,0.58,2,6.94,3.32
83,94,47,27.4,81.11,6.47,112.14,banana,28.53,1,8.92,13.08,424.55,3.16,3,15.68,56.63,142.3,3,26.56,1,9.02,3.96
102,73,54,26.4,84.41,5.72,111.02,banana,17.87,3,11.8,8.82,380.07,3.86,4,11.07,46.97,94.9,3,1,1,1.81,2.62
86,79,45,27.81,82.69,5.81,99.21,banana,18.86,3,9.87,9.28,429.34,7.28,2,14.04,35.93,54.35,2,40.6,3,33.86,4.29
117,86,53,25.2,83.56,5.7,115.86,banana,28.33,1,7.2,6.01,407.07,9.63,2,6.17,29.08,75.6,2,10.44,1,35.13,3.44
111,79,53,28.31,75.77,6.17,119.7,banana,12.57,3,9.11,18.22,401.89,3.54,5,10.98,36.84,190.82,2,5.78,1,59.35,2.85
95,74,50,25.9,80.47,6,110.1,banana,12.14,1,6.31,18.49,375.26,1.69,4,11.13,50.41,103.65,1,45.61,2,39.81,3.48
91,75,55,27.49,76.11,6.21,109.28,banana,29.18,2,8.58,9.05,388.03,6.71,4,13.87,97.47,108.28,1,44.7,2,92,1.1
93,83,46,29.38,83.5,5.77,109.25,banana,13.23,3,7.79,4.87,410.4,3.76,2,9.46,29.12,108.78,2,39.5,3,53.41,3.75
92,85,51,29.22,81.08,5.74,108.86,banana,26.62,3,9.62,2.09,427.72,6.7,5,18.14,72.4,66.21,1,14.01,2,11.3,2.08
104,80,54,27.09,81.34,5.88,110.13,banana,23.64,3,5.21,12.55,435.86,9.35,2,9.24,48.05,118.16,2,31.8,3,36.19,3.83
103,72,51,26.13,81.81,6.1,104.48,banana,17.41,1,8.37,1.45,425.48,6.62,2,9.75,30.04,50.48,3,1.22,2,98.3,1.15
92,75,45,29.01,77.95,5.67,90.43,banana,16.64,2,9.16,8.53,367.74,1.78,5,12.44,22.39,170.79,2,13.73,3,17.94,1.83
93,85,49,27.97,79.29,5.69,119.48,banana,27.63,1,5.46,6.97,402.15,5.55,3,11.22,53.18,104.2,2,8.69,3,99.29,2.71
120,87,52,28.08,76.06,5.91,118.99,banana,18.37,1,10.09,11.79,449.89,9.44,1,12.9,19.25,98.77,2,10.25,2,42.48,1.52
108,72,46,25.16,84.98,6.11,90.95,banana,13.08,3,9.76,17.4,387.26,2.28,5,10.09,61.95,96.73,3,3.55,2,47.83,2.14
105,88,54,25.79,84.51,6.02,114.2,banana,20.53,2,5.93,14.28,438.13,8.56,4,8.5,89.5,77.03,3,39.41,2,64.31,4.94
98,79,50,25.34,84.47,6.44,91.06,banana,12.54,2,7.67,14.1,392.16,10,4,7.03,83.87,82.17,3,12.04,2,2.9,1.8
111,88,55,29.45,78.35,5.51,96.45,banana,21.18,3,5.34,17.57,368.73,5.02,6,11.27,29.5,106.73,2,27.09,1,0.74,2.56
97,74,45,26.48,78.52,5.68,113.12,banana,22.82,1,7.97,17.69,400.09,8.54,3,11.09,2.16,181.5,2,29.57,3,24.76,1.61
95,82,48,27.39,83.31,5.72,92.78,banana,21.76,1,9.89,13.86,389.35,4.3,5,8.2,31.16,193.75,2,0.84,1,85.73,4.62
89,91,55,25.08,80.26,6.28,94.33,banana,19.84,1,10.95,15.3,380.87,1.41,1,9.04,61.51,177.55,3,2.75,3,94.99,4.09
89,85,55,26.67,76.49,6.28,91.73,banana,23.96,2,9.49,6.47,434.66,7.13,5,14.23,14.55,170,3,3.07,3,1.12,1.86
118,88,51,25.45,79.49,6.2,100.66,banana,21.26,3,8.26,9.31,367.75,2.54,2,9.67,34.1,125.61,1,46.45,3,93.58,3.52
101,92,45,28.23,80.64,5.76,98,banana,23.41,2,7.94,14.76,405.33,4.5,6,6.62,84.52,137.69,2,12.27,1,71.03,3.13
99,92,47,28.13,77.48,6.32,103.5,banana,25.78,3,7.1,13.35,421.44,8.14,3,19.01,69.29,160.63,3,19.57,2,0.26,1.28
82,77,46,28.95,82.19,5.9,95.83,banana,15.14,2,8.4,14.54,387.63,6.61,6,12.97,46.55,192.48,2,31.91,3,83.6,3.51
90,86,55,27.96,84.15,5.64,97.56,banana,11.23,2,11.77,3.29,448.34,1.41,2,9.41,22.48,96.59,3,3.67,3,97.16,4.31
95,88,52,28,78.9,6.24,94.68,banana,22.67,2,11.57,19.15,394.67,5.42,4,11.49,96.06,166.05,2,38.93,1,72.45,1.2
104,73,46,29.14,80.12,6.28,90.45,banana,27.15,2,11.82,15.27,417.2,9.44,6,9.54,50.28,164.66,3,24.15,3,1.15,2.26
102,73,52,27.91,83.36,6.36,90.24,banana,12.8,1,5.49,14.91,354.87,2.14,2,11.8,2.76,192.39,2,43.76,2,21.28,4.11
100,74,52,25.43,81.54,5.84,96.48,banana,19.8,2,8.19,3.75,444.86,2.26,2,12.67,16.51,192.68,1,47.46,1,49.84,3.77
94,89,48,28.56,84.52,5.65,111.08,banana,28.96,3,11.73,18.13,415.2,3.24,3,13.81,57.8,91.79,3,42.72,2,87.84,3.06
99,70,46,26.6,83,5.73,100.51,banana,21.35,3,6.88,7.19,383.98,1.86,6,6.77,43.31,53.21,2,20.55,2,69.79,1.4
112,87,48,27.2,77.4,6.2,99.47,banana,29.78,1,10.14,8.97,366.77,7.82,4,17.53,70.29,197.87,1,12.36,3,55.99,4.34
117,82,45,25.29,79.29,5.61,105.42,banana,15.58,2,7.77,5.93,410.8,8.63,1,18.5,32.37,64.55,2,36.53,3,92.07,3.05
96,86,51,29.91,76.99,6.26,92,banana,28.77,1,7.69,16.18,364.24,5.74,5,15.34,96.21,149.89,3,0.16,1,52.86,4.54
113,85,45,27.95,76.64,6.04,109.09,banana,26.98,3,11.75,8.56,355.35,8.58,4,19.97,32.86,132.5,2,15.62,3,94.63,2.97
105,93,46,25.01,78.76,5.76,108.37,banana,25.99,3,10,13.11,370.08,5.51,3,5.28,55.37,86.53,3,31.86,1,75.42,3.89
85,89,51,29.21,84.7,6.16,108.55,banana,14.48,1,9.01,13.48,427.5,9.9,5,9.22,93.27,92.48,2,16.92,2,9.7,3.25
108,94,47,27.36,84.55,6.39,90.81,banana,20.65,3,7.02,16.95,357.42,8.96,1,13.3,78.84,135.84,2,42.03,3,65.28,2.33
92,81,52,28.01,76.53,5.89,103.7,banana,15.28,1,5.35,9.57,427.99,2.22,4,17.31,54.5,73.01,1,3.52,2,96.18,3.35
110,71,54,28.67,82.21,5.73,94.38,banana,28.4,2,9.69,15.3,401.81,7.15,1,11.84,34.41,149.27,2,13.98,2,28.78,3.64
82,75,55,27.35,78.49,6.28,92.16,banana,18.56,3,8.4,6.65,405.39,8.84,5,6.08,7.47,89.34,2,26.43,3,86.25,3.26
117,81,53,29.51,78.21,5.51,98.13,banana,11.57,1,6.32,6.75,373.67,4.11,1,15.94,80.83,88.01,2,10.14,3,54.99,3.65
2,40,27,29.74,47.55,5.95,90.1,mango,15.15,2,5.21,19.67,368.04,5.15,2,9,61.58,155.81,1,12.53,2,0.77,1.91
39,24,31,33.56,53.73,4.76,98.68,mango,29.82,2,11.36,1.77,449.46,6.81,1,9.89,17.29,184.58,1,35.24,1,89.12,4.27
21,26,27,27,47.68,5.7,95.85,mango,27.39,2,11.51,3.05,406.73,7.93,1,15.45,74.15,80.26,3,2.22,2,35.53,1.81
25,22,25,33.56,45.54,5.98,95.71,mango,18.97,1,5.85,10.1,403.53,7.61,3,15.04,26.19,131.24,1,16.44,1,41.92,2.89
0,21,32,35.9,54.26,6.43,92.2,mango,11.93,1,5.44,19.27,430.87,7.82,6,16.94,19.95,106.19,1,24.31,1,45.98,4.16
20,19,35,34.18,50.62,6.11,98.01,mango,14.68,2,6.41,18.93,390.43,6.2,1,18.96,90.31,131.18,2,48.87,3,73.48,4.35
19,21,34,30.02,53.19,5.07,97.73,mango,25.94,2,10.75,9.65,367.32,7.93,1,12.18,63.34,112.39,3,44.9,3,36.26,2.34
18,17,31,31.75,45.16,5.67,93.75,mango,29.06,1,9.36,3.74,358.59,6.5,1,19.61,32.49,69.8,3,24.71,1,44.46,3.58
11,36,33,35.99,52.23,5.98,95.37,mango,12.97,2,8.33,12.7,390.43,1.1,3,16.33,63.52,182.39,3,7.72,1,4.23,2.22
30,28,30,31.87,52.19,5.06,98.47,mango,13.18,3,6.68,14.8,379.02,7.75,5,9.53,14.76,79.35,3,6.55,2,78.97,1.97
18,19,27,27.76,52.35,4.77,94.11,mango,24.48,2,5.63,2,435.89,2.86,4,15.44,49.44,105.97,2,19.28,1,25.73,3.81
23,23,27,34.72,51.43,5.16,97.31,mango,10.11,2,7.85,5.45,400.04,10,2,9.12,34.52,122.34,2,4.54,1,21.24,4.83
37,30,34,27.54,53.64,6.8,99.35,mango,14.68,2,10.94,8.91,403.25,6.53,2,17.4,86.83,59.09,1,9.59,1,6.16,2.12
11,27,30,27.7,48.56,6.39,89.86,mango,28.47,2,7.84,10.17,360.73,3.8,1,6.02,18.3,160.46,1,30.59,1,61.62,4.16
12,19,31,27.25,52.66,5.57,91.87,mango,12.12,2,6.26,19.72,432.76,5.01,4,14.57,11.43,84.52,2,7.58,3,65.85,3.8
3,28,33,30.34,48.89,5.76,94.43,mango,10.57,1,9.88,13.57,427.75,2.2,1,13.72,31.96,156.12,1,8.89,3,40.23,4.15
37,38,32,31.86,45.53,5.42,91.56,mango,16.02,2,7.23,11.54,377.59,3.64,1,7.43,58.93,146.06,3,45.81,2,92.91,4.28
26,37,30,35.4,49.46,6.17,97.41,mango,13.52,3,11.84,7.05,421.41,3.04,1,14.82,52.02,51.3,1,39.12,1,42.3,4.36
14,18,30,29.81,52.14,5.19,95.75,mango,15.83,1,11.37,16.09,408.74,9.74,1,18.24,80.78,100.71,2,32.54,1,71.8,4.44
40,16,35,34.16,54.16,4.95,98.33,mango,15.52,2,9.68,4.08,412.3,7.88,6,16.31,16.38,188.35,1,18.59,2,71.09,4.59
4,20,25,28.93,47.94,5.66,99.98,mango,25.45,3,11.98,5.05,378.21,2.49,6,17.72,84.76,150.71,3,8.16,2,31.69,2.41
36,25,33,27.98,53.33,5.55,99.61,mango,22.64,3,5.68,9.34,441.53,6.28,1,10.05,29.92,150.57,1,3.69,3,41.75,2.7
30,17,31,31.2,54.5,6.8,94.63,mango,18.59,1,9.91,18.2,353.16,5.33,3,6.62,81.88,115.43,2,20.44,1,83.69,4.33
28,37,28,32.13,50.53,6.1,98.63,mango,24.54,2,8.6,15.27,430.22,8.72,1,11.79,58.13,107.75,1,34.28,1,93.21,3.03
38,15,30,28.92,48.14,5.08,97.01,mango,22.11,3,8.67,17.36,363.21,2.64,1,5.39,60.8,196.43,1,25.84,1,8.58,2.09
12,37,30,31.1,47.41,4.55,90.29,mango,28.98,1,7.72,6.7,353.03,4.3,5,7.01,37.95,189.72,1,40.55,2,27.51,3.16
38,19,31,34.74,49.09,5.86,90.65,mango,25.96,2,9.97,3.62,426.91,6.23,2,17.6,77.24,83.2,2,41.61,3,79.09,4.31
8,33,29,29.98,49.49,6.44,91.82,mango,17.35,3,5.68,12.87,425.51,2.64,6,7.75,63.52,138.71,2,9.91,2,92.39,3.72
15,27,28,33.8,46.13,4.51,90.83,mango,15.63,2,5.86,0.35,384.14,4.81,3,12.17,25.99,184.9,3,19.64,1,61.48,3.61
34,16,25,30.07,50.96,6.11,92.1,mango,20.72,3,11.36,12.87,411.24,7.19,4,16.09,15.07,133.29,3,15.27,1,24.77,4.07
11,36,31,27.92,51.78,6.48,100.26,mango,12.46,2,6.66,17.57,358.48,7.03,6,8.37,85.7,73.29,1,25.62,1,98.88,2.77
33,29,34,31.41,49.22,6.83,93,mango,15.72,1,5,6.73,413.26,4.85,4,16.21,15.01,71.61,2,6.33,2,42.67,3.55
12,31,26,35.79,51.94,5.4,100.22,mango,20.58,1,8.43,9.02,413.51,9.04,1,17.06,48.13,130.01,3,31.62,2,42.1,2.65
12,34,28,33.36,45.02,6.14,98.82,mango,13.09,2,8.74,9.53,359.35,8.24,4,10.13,85.45,59.55,3,44.59,2,57.22,2.65
5,16,31,35.96,48.7,4.56,98.01,mango,19.69,2,8.56,10.56,410.54,4.82,6,16.69,86.72,64.08,1,7.94,1,22.28,2.65
1,30,29,28.33,51.4,6.43,91.67,mango,13.56,3,8.65,19.16,416.49,6.78,3,16.59,71.64,92.82,2,20.49,3,76.09,1.33
16,35,31,32.28,50.19,5.32,95.99,mango,28.95,3,8.6,0.21,410.58,8.72,5,8.22,4.35,104.3,2,33.32,3,0.68,2.24
35,18,26,31.99,50.85,5.28,97.39,mango,26.14,2,10.22,14.25,370.78,3.6,5,16.87,17.91,185.76,2,1.41,1,23.7,1.45
4,40,26,27.58,48.57,6.72,95.84,mango,25.39,3,7.35,3.88,365.56,2.67,1,16.61,10.42,125.38,3,40.74,1,86.17,2.76
9,29,34,29.38,45.89,5.73,100.81,mango,13.32,3,10.1,3.76,376.32,7.76,5,18.62,24.95,167.66,3,47.37,3,70.11,3.86
2,38,33,32.39,53.23,4.69,90.22,mango,25.69,2,8.54,8.4,447.51,1.94,4,6.38,30.56,55.5,2,1.95,1,51.95,3.17
26,32,32,30.91,49.93,6.81,90.14,mango,18.13,2,10.79,12.17,391.15,1.74,4,12.2,66.37,123.88,1,18.86,2,17.77,3.32
34,38,31,35.38,45.58,6.45,97.42,mango,12.25,3,8.18,10.04,416.98,1.88,4,9.46,17.19,183.01,2,46.35,1,27.42,2.39
5,32,33,32.32,52.59,5.84,93.37,mango,29.93,3,8.87,9.87,443.28,6.59,2,14.65,6.54,143.86,2,31.58,1,97.63,4.19
31,29,26,28.22,47.41,5.02,97.77,mango,14.38,3,11.86,14.32,375.21,5.98,4,14.06,67.14,128.76,3,24.09,1,17.64,4.29
34,34,35,27.27,47.17,6.42,95.26,mango,20.95,2,9.6,19.36,387.58,4.3,6,9.14,95.25,177.47,2,26.47,1,84.1,2.02
36,19,32,27.11,50.71,4.94,92.37,mango,17.79,3,11.55,12.4,384.31,5.61,2,19.94,90.66,141.35,2,40.89,3,48.44,4.57
7,17,26,34.89,48.76,6.41,91.63,mango,17.71,1,5.33,3.48,375.26,6.22,4,10.01,70.56,103.9,2,6.84,1,46.59,2.27
38,15,27,33.75,48.5,6.78,92.26,mango,20.5,1,8.84,15.28,432.96,1.96,1,5.62,10.44,53.82,2,37.49,3,61.89,2.25
5,19,25,27.35,54.44,6.44,96.28,mango,25.35,2,5.38,7.55,350.93,7.19,1,14.4,60.42,166.33,3,34.69,2,7.94,2.07
37,36,26,32.89,52.61,4.65,94.49,mango,13.86,3,9,7.16,391.51,5.02,4,9.05,51.84,175.52,1,48.36,1,56.69,4.74
21,31,32,35.39,51.43,5.25,90.3,mango,18.21,2,5.15,8.07,394.64,6.82,1,8,66.29,178.81,1,42.18,3,35.39,3.57
37,36,27,27.55,47.91,5.91,90.4,mango,10.78,3,6.7,15.85,380.76,5.69,4,15.46,95.34,89.18,3,16.09,2,96.91,1.6
23,23,30,32.82,47.46,4.76,90.89,mango,26.92,3,10.61,10.84,352.92,9.39,3,9.91,14.02,151.02,1,30.73,2,67.15,3.21
36,26,26,30.17,51.08,6.81,95.23,mango,22.37,3,7.49,1.89,374.97,3.76,6,16.08,42.01,148.86,1,11.67,3,50.47,4.06
24,33,35,29.26,54.82,5.34,100.76,mango,25.63,2,10.36,12.36,356.44,4.36,5,17.58,56.1,140.54,2,18.1,3,49.99,3.01
26,18,30,32.06,51.08,6.34,96.6,mango,12.4,3,11.57,2.02,440.45,4.61,6,10.84,79.26,130.34,2,37.66,2,22.52,2.07
22,17,26,28.7,47.72,4.75,99.64,mango,12.39,3,6.62,13.28,361.03,1.21,6,14.12,93.66,125.44,2,18.89,2,74.86,4.37
11,34,32,29.14,49.41,6.83,97.55,mango,15.68,1,10.21,10.98,404.21,6.1,6,8.36,67.62,109.45,3,10.52,1,5.37,1.2
29,35,28,28.35,53.54,6.97,90.4,mango,28.8,1,7.42,0.27,407.68,3.26,4,8.77,18.69,88.94,1,47.35,1,90.42,1.99
22,28,26,27.67,45.42,4.95,92.85,mango,24.25,3,6.73,17.58,439.98,9.9,4,5.15,44.06,188.27,3,8.47,3,28.12,1.39
23,24,32,28.12,46.17,5.63,93.3,mango,10.69,2,6.69,13.29,426.48,1.77,5,7.42,35.47,56.27,1,22.35,2,49.09,3.53
1,35,34,30.79,46.7,6.27,92.21,mango,28.64,1,6.33,2.32,435.2,4.07,2,11.19,43.29,153.5,2,31.21,3,7.75,2.19
2,24,34,28.89,54.81,6.47,94.76,mango,11.35,2,11.75,3.18,380.15,7.77,3,13.93,93.66,73,3,11.2,3,14.8,2.84
39,37,25,33.33,45.61,6.95,98.29,mango,15.89,1,6.64,14.95,376.7,5.62,2,16.05,22.17,61.97,1,33.91,3,67.97,1.28
15,36,27,27.79,53.97,5.64,91.01,mango,12,1,7.01,9.38,371.66,2.88,1,15.83,34.28,199.77,2,22.19,1,23.27,2.16
3,18,31,31.65,48.21,6.39,91.1,mango,12.05,2,11.18,14.46,382.93,7.03,2,8.01,41.63,130.47,3,4.01,1,64.46,1.83
8,38,32,29.75,46.74,4.98,91.41,mango,23.6,1,5.53,14.39,362.69,9.63,5,12.26,28.01,198.18,2,24.44,3,95.35,3.03
33,31,34,31.33,50.22,5.42,89.78,mango,27.57,2,8.3,9.28,361.13,2.54,3,19.95,11.42,120.45,2,25.85,2,19.89,1.43
14,29,32,35.64,48.97,6.94,97.52,mango,21.83,1,10.1,10.49,394.61,3.54,6,16.26,2.15,185.66,1,37.73,3,79.55,4.36
18,20,26,31.67,51.99,5.44,89.98,mango,13.1,3,11.74,4.16,423.67,4.94,1,16.12,33.52,122.84,3,18.35,3,35.65,1.87
9,21,32,32.27,53.56,5.87,95.94,mango,29.34,1,6.03,0.13,401.78,9.01,4,16.55,85.96,99.92,1,11.2,2,51.72,1.21
20,30,27,27.81,51.59,4.75,95.9,mango,28.43,2,11.33,12.36,387.69,8.82,3,16.59,90.3,50.9,3,8.02,3,43.71,4.52
9,38,25,34.59,50.34,5.5,100.31,mango,13.23,3,10.64,14.99,420.67,3.48,6,19.85,93.42,188.56,3,41.86,3,96.97,3.4
26,24,34,31.27,52.24,6.81,89.74,mango,27.07,2,11.08,4.25,389.38,9.22,6,10.11,29.71,174.48,3,25.96,3,21.76,5
31,36,29,33.94,52.72,6.46,97.46,mango,14.5,3,7.16,15.82,444.28,8.97,5,18.49,36.09,149.05,3,7.5,2,83.31,2.6
14,18,35,31.09,47.02,4.79,91.47,mango,13.01,3,7.01,6.83,427.98,8.95,5,7.13,99.26,127.77,1,40.77,3,53.88,4.22
40,16,35,31.89,49.02,6.48,89.59,mango,19.08,3,6.43,16.46,410.91,3.92,3,13.61,60.76,108.41,1,34.21,2,3.82,2.77
28,27,34,32.45,50.7,6.53,95.05,mango,20.16,1,10.52,5.01,412.97,1.96,3,8.39,17.63,156.43,2,13.2,1,84.71,3.41
0,17,30,35.47,47.97,6.28,97.79,mango,20.97,3,8.74,2.22,421.37,6.92,3,15.92,35.79,154.1,2,18.92,3,18.54,3.78
1,29,29,27.33,49.3,6.05,93.53,mango,16.83,3,7.87,6.96,368.49,3.3,4,16.23,15.74,79.52,3,8.18,3,93.02,4.86
2,36,31,30.9,49.96,5.73,91.78,mango,29.62,2,5.05,3.15,442.91,4.72,4,10.22,35.16,122.64,1,3.56,3,81.53,3.82
12,27,26,29.09,45.57,5.32,96.24,mango,22.68,3,8.29,12.33,412.95,4.96,1,15.55,94.03,158.61,2,15.99,2,94.95,2.18
7,28,35,30.02,46.78,4.67,96.64,mango,11.55,1,9.68,15.6,368.82,9.58,4,16.15,6.75,154.81,3,21.28,3,87.23,2.23
0,36,26,34.13,51.26,5.1,96.39,mango,16.15,1,7.26,9.92,382.82,2.72,5,19.72,66.7,180.79,2,3.55,1,99.34,1.56
26,35,31,33.45,53.06,5.34,98.05,mango,15.6,1,11.33,5.94,397.07,4.7,1,5.36,77.2,195.23,1,48.33,2,62.41,2.8
27,21,30,35.39,52.49,5.06,91.23,mango,28.03,3,8.73,12.6,358.13,5.89,5,8.04,1.31,162.07,3,35.42,2,61.08,4.55
22,38,31,31.53,53.06,5.82,98.57,mango,14.18,1,9.11,13.96,380.27,9.95,3,5.71,99.11,161.29,3,2.5,2,78,1.45
22,18,31,30.76,47.94,5.96,90.39,mango,11.11,1,11.03,13.47,352.55,2.35,2,6.51,0.29,120.94,1,33.61,1,17.97,2.9
28,23,28,30.02,50.1,5.68,96.09,mango,22.87,3,9.81,15.06,434.32,1.77,2,13,24.7,150.26,1,31.78,2,99.24,3.46
7,31,27,31.33,47.59,6.52,94.67,mango,13.93,1,9.51,13.5,356.65,9.39,3,10.85,6.42,91.72,3,5.45,2,79.24,4.18
29,34,26,33.88,54.39,6.27,89.29,mango,13.91,1,11.65,4.3,425.22,8.77,4,16.39,28.66,113.78,3,17.76,2,6.94,2.67
8,37,33,28.08,54.96,6.13,97.45,mango,17.42,1,6.57,16.93,396.38,9.28,6,8.09,17.95,112.8,3,33.83,3,82.93,4.76
39,16,27,35.54,52.95,4.93,91.55,mango,25.76,3,10.57,7.21,432.15,2.69,6,6.45,37.34,61.56,1,14.54,1,30.7,1.17
40,24,25,28.71,50.44,5.45,95.89,mango,28.06,3,11.6,10.47,398.34,9.43,5,6.57,26.55,134.35,2,18.92,1,36.3,4.09
19,38,26,31.48,48.78,4.53,93.17,mango,29.77,2,9.11,5.71,380.73,5.18,4,19.32,54.83,122.81,2,40.01,2,36.11,4.98
21,21,30,27.7,51.42,5.4,100.77,mango,14.82,3,11.13,9.77,433.36,2.24,1,18.24,74.05,104.49,2,35.65,1,50.61,2.59
22,18,33,30.41,52.48,6.62,93.92,mango,29.74,2,10.76,1.09,419.15,7.37,3,15.9,15.32,156.26,3,35.3,3,77.83,2.93
31,20,30,32.18,54.01,6.21,91.89,mango,11.85,1,10.71,13.19,436.59,6.77,2,12.49,46.68,109.69,2,20.49,2,7.89,4.17
18,26,31,32.61,47.75,5.42,91.1,mango,11.75,2,5.95,9.32,371.1,2.33,4,13.19,13.73,77.93,1,45.85,2,48,1.18
24,130,195,30,81.54,6.11,67.13,grapes,20.35,1,11.12,18.8,430.51,1.2,1,5.21,1.42,188.95,2,46,3,3.59,2.48
13,144,204,30.73,82.43,6.09,68.38,grapes,16.5,2,5.2,14.56,429,2.75,1,18.55,85.67,196.71,1,20.61,1,14.32,1.14
22,123,205,32.45,83.89,5.9,68.74,grapes,22.17,3,6.45,15.52,432.9,6.44,4,9.2,18.97,172.98,2,25.75,3,82.09,4.93
36,125,196,37.47,80.66,6.16,66.84,grapes,15.07,3,8.67,17.96,433.28,3.71,2,11.91,23.52,98.11,2,30.74,2,12.04,4.45
24,131,196,22.03,83.74,5.73,65.34,grapes,24.22,3,6.97,4.38,396.02,2.61,2,5.66,2.05,161.63,3,40.11,1,3.26,3.46
2,123,198,39.65,82.21,6.25,70.4,grapes,16.71,1,8.61,14.83,380.98,6.95,3,11.03,14.88,177.82,1,10.84,3,76.18,3.93
35,140,197,16.78,82.75,6.11,66.76,grapes,14.62,2,10.23,16.78,413.06,2.42,2,6.3,5.25,103.37,2,30.74,2,87.33,2.5
11,122,195,12.14,83.57,5.65,69.63,grapes,29.38,2,11.01,11.68,396.54,2.5,5,12.02,96.71,179.76,2,45.2,1,52.35,4.63
6,123,203,12.76,81.62,6.13,66.78,grapes,27.63,1,8.73,18.73,396.62,2.55,2,14.65,83.26,108.13,2,0.21,2,52.55,4.18
17,134,204,39.04,80.18,6.5,73.88,grapes,26.45,3,10.54,3.34,439.65,2.27,6,6.79,33.94,134.92,2,33.74,2,13.58,3.37
25,130,197,39.71,82.69,5.55,74.92,grapes,17.51,3,10.43,10.68,427.09,4.1,6,9.52,53.92,86.06,3,38.62,1,13.36,4.21
27,145,205,9.47,82.29,5.8,66.03,grapes,15.6,3,10.52,5.81,434.28,2.56,3,7.17,77.11,195.85,3,0.57,2,48.65,4.01
9,122,201,29.59,80.92,5.57,68.06,grapes,15.13,2,11.68,10.4,351.87,3.25,1,19.52,30.79,53.29,3,28.29,3,91.29,4.52
16,139,203,17.83,80.96,6.28,65.85,grapes,25.62,1,6.51,0.85,448.07,9.71,6,5.15,56.65,92.74,3,39.74,3,30.98,3.06
32,141,204,8.83,82.9,5.54,67.24,grapes,26.26,3,5.1,13.87,388.87,6.92,4,6.28,22.15,93.75,2,46.87,3,52.21,1.38
22,138,195,27.83,83.51,6.21,73.03,grapes,14.95,3,11.27,11.86,366.91,7.38,5,13.41,33.31,119.91,2,46.64,2,96.17,4.59
31,144,202,11.02,80.56,5.87,68.24,grapes,24.19,1,9.66,2.65,354.35,4.25,5,16.84,49.6,178.5,2,48.55,3,32.65,2.8
3,136,205,17.59,80.85,6.33,71.41,grapes,24.82,3,9.17,16.22,448.13,2.54,6,8.5,81.11,124.92,3,11.72,3,46.05,1.53
28,122,197,19.89,82.73,5.86,69.66,grapes,21.91,2,6.6,13.96,446.63,7.51,6,5.01,40.08,139.85,3,22.08,3,32.87,2.47
4,136,204,29.94,81.78,5.9,65.52,grapes,12.66,1,6.27,11.96,359.95,7.85,2,14.1,56.89,77.83,2,15.65,2,67.28,2.3
39,145,201,36.73,80.59,5.78,72.24,grapes,19.02,1,5.42,0.97,380.65,6.65,4,16.65,78.06,185.71,2,22.71,1,20.6,2.63
38,132,197,20.42,81.54,5.93,66.93,grapes,22.01,2,7.64,19.81,438.62,9.32,1,8.57,21.44,155.27,3,18.96,2,20.01,4.53
36,133,198,25.52,83.98,6.23,69.17,grapes,20.3,3,5.83,3.51,439.13,5.39,5,13.89,23.15,63.45,3,1.76,1,65.55,1.56
25,121,201,30.51,82.72,5.59,70.08,grapes,11.71,3,9.12,4.62,443.52,9.83,2,16.99,77.04,135,1,44.19,2,32.41,2.71
15,125,199,18.43,80.56,5.57,69.76,grapes,11.4,3,5.42,9.06,415.39,4.77,3,13.27,1.68,189.53,1,27.3,2,55.12,2.74
24,140,205,12.09,83.59,5.93,68.67,grapes,25.64,2,5.26,11.92,408.3,9.45,1,9.13,40.59,71.22,1,40.08,3,51.23,4.56
13,132,203,23.6,82.48,6.42,73.24,grapes,13.04,2,7.73,0.11,408.56,4.75,6,18.4,51.44,110.94,2,39.37,2,62.7,4.82
5,126,197,12.8,81.21,6.42,67.1,grapes,11.39,1,5.31,16.81,439.44,9.04,2,7.31,52.12,139.68,2,33.11,1,79.64,2.41
30,120,200,38.06,82.25,6.23,65.7,grapes,23.02,2,9.25,14.57,391.46,3.43,6,9.57,63.49,156.67,1,43.85,2,34.72,3.56
23,142,197,39.07,82.04,6,69.31,grapes,18.25,2,8.58,0.41,405.75,3.09,2,9.22,49.4,86.14,1,9.34,1,91.22,2.08
26,135,203,33.78,81.16,5.69,74.54,grapes,17.23,3,6.61,13.32,442.01,6.71,2,8.8,17.14,129.2,3,31.38,2,58.33,4.02
7,126,203,16.76,82,5.66,73.29,grapes,27.67,3,9.75,6.72,374.17,8.32,3,6.76,20.5,102.11,2,7.44,1,61.52,3.53
32,139,198,35.89,82.67,6.36,66.54,grapes,18.78,3,8.32,17.98,362.58,4.56,6,14.02,71.57,176.27,1,22.23,1,80.2,1.48
9,141,202,21.01,81.18,6.12,66.38,grapes,10.98,2,11.08,1.13,372.49,3.29,6,13.71,43.68,53.91,3,31.75,1,78.04,3.96
20,142,196,10.9,80.02,6.21,68.69,grapes,19.48,1,9.02,4.15,433.12,3.73,2,16.07,96.62,135.7,2,1.91,1,7.56,2.32
32,129,201,16.36,83,6.49,71.56,grapes,22.33,1,11.7,12.05,378.48,1.09,6,15.38,86.86,116.17,2,46.15,2,42.93,3.97
3,134,199,20.28,81.32,5.82,71.07,grapes,23.79,1,11.45,1.43,419.23,9.58,5,11.66,41.79,61.04,3,48.68,2,61.11,3.52
38,138,204,25.11,83.25,6.33,73.01,grapes,17.31,3,7.57,15.4,384.68,7.53,1,16.7,42.59,176.1,1,0.73,1,16.3,3.96
14,131,198,33.46,83.87,5.56,67.92,grapes,22.7,2,11.28,2.4,377.14,9.45,1,12.13,49.48,189.47,3,0.61,3,83.69,4.27
20,122,204,11.8,80.86,6.49,65.07,grapes,15.06,3,9.77,6.5,404.97,1.45,2,11.94,21.93,171.91,3,33.7,1,30.41,3.77
40,126,201,11.36,80.03,6.12,71.18,grapes,26.26,1,10.73,1.86,368.84,8.61,1,5.46,24.05,182.87,3,19.08,1,40.15,4.4
36,128,204,25.24,80.69,5.7,67.04,grapes,29.23,1,7.95,4.62,381.45,8.73,1,10.37,15.38,91.08,2,49.07,2,98.49,4.88
11,132,197,15.99,81.24,5.73,74.4,grapes,26.83,3,11.73,0.1,426,3.08,3,14.21,50.94,64.91,2,28.96,3,33.11,2.5
0,137,195,22.44,80.19,6.33,65.4,grapes,10.19,3,6.37,8.23,361.47,4.18,3,5.74,12.14,81.17,1,49.28,2,70.49,2.38
19,123,200,34.76,81.04,6.17,65.7,grapes,24.56,3,9.89,1.9,413.46,1.65,5,13.49,28.26,183.76,3,25.52,2,13.37,3.32
31,136,197,31.11,83.34,5.65,71.43,grapes,10.33,1,8.12,11.63,363.56,2.39,2,12.25,14.92,105.02,2,31.29,2,50.21,4.11
4,134,200,28.58,80.96,5.84,73.34,grapes,28.72,2,9.93,2.13,350.48,5.43,3,12.27,68.49,195.26,1,49.53,1,51.18,1.28
39,139,201,41.19,81.02,5.54,68.69,grapes,12.65,1,11.69,3.96,434.85,7.64,4,11.72,2.29,68.75,2,5.13,2,54.63,1.74
8,127,196,27.03,83.17,5.83,70.96,grapes,11.25,1,10.17,12.83,369.38,6.21,5,6.44,39.72,51.86,1,13.61,2,87.82,4.35
39,138,203,21.19,82.33,6.4,74.63,grapes,24.27,2,5.08,9.54,365.74,9.1,4,5.73,17.79,82.43,1,31.66,3,3.04,2.57
32,120,204,10.38,83.45,6.14,67.39,grapes,11.1,3,7.99,2.29,409.07,4.46,5,12.02,70.85,71.06,1,38.31,2,70.53,4.63
12,142,203,31.31,82.56,5.97,65.01,grapes,26.57,3,10.98,12.5,398.16,6.49,4,19.58,97.22,55.09,2,9.82,2,30.49,1.44
8,133,195,20.47,80.98,6.46,71.3,grapes,28.34,1,7.63,4.04,362.99,7.83,1,10.38,20.18,166.99,1,0.79,2,82.54,3.7
8,139,199,29.37,81.54,6.34,66.13,grapes,24.11,2,10.65,13.03,393.54,5.46,1,17.5,37.77,166.27,2,5.21,3,60.72,4.5
21,134,202,10.72,80.02,6.43,65.3,grapes,11.57,1,5.08,13.3,407.57,3.54,6,11.63,17.86,193.35,1,45.25,1,92.81,1.74
40,140,195,14.98,80.5,6.29,71.63,grapes,23.22,1,8.29,7.33,388,7.06,4,10.93,23.07,151.39,2,33.32,2,51.33,2.79
39,127,202,15.32,81.67,6.48,71.6,grapes,22.65,3,11.2,5.17,355.81,4.56,2,11.8,88.85,55.83,3,26.81,2,39.74,1.29
19,120,195,18.74,81.12,5.93,73.56,grapes,10.27,3,6.25,13.97,406.93,4.29,5,18.02,48.85,50.6,3,39.92,2,57.15,3.93
21,139,201,19.36,83.36,5.98,67.15,grapes,18.84,2,5.18,1.76,397.15,3.85,5,19.66,98.94,147.47,3,30.27,3,67.79,1.51
17,136,195,41.21,81.61,6.39,65.9,grapes,24.93,2,8.36,8.76,400.03,9.52,5,16.37,88.61,138.27,3,19.06,1,96.8,4.97
33,139,203,33.34,82.51,5.69,70.68,grapes,26.89,1,6.71,0.2,379.1,2.13,5,12.24,27.11,124.46,3,32.45,2,66.22,3.74
22,133,201,23.82,80.12,6,67.27,grapes,21.9,2,7.53,11.94,444.33,9.69,4,6.17,17.61,68.53,2,3.32,3,72.26,3.29
32,130,196,40.66,81.25,6.37,74.03,grapes,16.96,3,6.79,12.47,391.09,5.99,3,11.08,28.09,187.91,1,44.2,2,92,2.87
37,135,205,11.83,80.28,5.51,74.1,grapes,16.78,3,8.67,0.41,360.46,1.24,3,13.61,41.87,175.6,3,42.72,3,33.2,1.39
15,140,195,13.29,83.54,5.7,65.8,grapes,26.2,2,7.02,11.44,429.43,8.45,4,19.59,81.24,173.9,1,12.22,2,84.3,1.11
39,132,196,35.83,83.33,5.78,73.68,grapes,28.58,1,7.73,5.89,361.54,5.9,5,14,19.65,69.89,2,16.43,3,35.84,4.14
40,121,199,26.18,81.04,6.32,66.06,grapes,18.16,2,7.92,5.61,416.46,9.32,5,12.84,72.84,163.13,2,3.62,2,64.66,4.61
40,132,202,24.58,80.71,5.97,69.71,grapes,11.33,1,11.33,6.84,364.41,5.62,3,12.47,34.17,70.88,2,8.25,2,63.27,2.98
29,142,203,29.67,83.71,5.89,66.48,grapes,20.77,2,5.05,8.29,391.29,9.59,6,11.71,64.46,155.47,3,47.91,1,8,4.83
32,121,199,39.37,81.25,6.13,74.08,grapes,10.42,1,8.04,0.6,400.18,4.14,4,9.08,76.09,183.91,3,33.63,1,86.59,4.96
6,140,205,17.67,82.93,6.31,69.87,grapes,17.48,2,9.32,19.9,447.06,9.82,5,13.46,86.37,165.26,1,27.33,2,26.95,2.16
8,120,196,24.07,82.66,6.05,69.82,grapes,25.15,1,11.09,5.24,396.07,7.22,1,16.53,32.66,124.79,3,35.45,2,53.31,3.19
34,133,202,15.31,80.1,5.8,74.82,grapes,12.7,2,7.62,15.58,415.36,1.65,4,11.77,57.61,62.13,1,23.88,2,29.56,4.08
35,135,199,21.77,80.55,6.4,69.4,grapes,22.03,1,9.04,9.81,431.33,8.26,3,18.81,6.27,173.65,1,17.22,2,93.24,2.09
16,145,199,26.92,80.77,5.95,69.31,grapes,27.55,2,8.78,8.24,408.43,4.99,4,6.32,98.39,50.39,2,37.26,1,27.6,4.77
8,136,201,41.66,82.22,5.61,74.2,grapes,24.44,2,8.99,5.69,350.11,9.48,4,17.32,20.12,52.96,3,8.65,1,95.33,3.18
25,129,195,17.99,81.18,5.78,72.37,grapes,13.37,3,7.23,9.8,409.22,4.15,1,12.62,7.04,78.77,2,33.12,1,57.76,4.23
16,130,201,29.12,82.79,5.68,68.85,grapes,29.48,3,9.24,10.85,443.3,6.76,1,16.4,58.64,137.9,3,7.64,1,78.83,4.09
39,129,203,34.39,83.18,5.86,71.03,grapes,17.31,1,11.05,5.89,395.41,5.62,6,9.83,43.41,168.58,2,46.59,2,69.68,3.49
38,135,203,41.36,82.8,6.44,69.92,grapes,10.07,3,5.83,15.7,374.82,2.11,1,6.17,12.09,156.3,1,6.55,2,30.57,2.56
33,120,205,35.12,82.27,5.55,69.72,grapes,24.8,2,5.26,17.6,410.74,3.62,5,19.09,3.66,191.3,3,30.67,3,69.24,1.57
35,125,204,19.65,80.15,6.11,73.7,grapes,14.01,1,10.78,13.12,429.77,4.26,1,10.63,1.86,111.76,1,37.86,2,62.52,1.56
1,132,200,16.28,82.94,5.62,66.57,grapes,17.19,2,5.56,6.71,441,3.86,3,10.22,52.39,176.26,3,47.01,1,51.75,2.16
39,140,203,21.12,80.63,6.35,69.28,grapes,19.65,2,5.6,11,419.85,7.66,1,17.88,41.03,61.96,1,45.85,1,57.74,2.69
28,145,202,19.21,82.9,6.48,66.83,grapes,11.88,2,6.26,6.29,431.91,3.93,2,7.35,49.63,94.75,3,24.71,3,36.44,4.04
6,128,200,25.96,82.58,5.84,70.32,grapes,19.18,3,11.1,7.81,448.19,1.33,4,7.09,66.27,158.25,3,20.67,2,13.63,2.34
6,139,199,25.67,81.62,6.29,74.11,grapes,12.95,3,9.54,7.64,372.04,8.93,6,16.29,86.18,165.86,3,48.79,1,31.97,3.36
29,122,196,41.95,81.16,5.64,73.07,grapes,24.31,3,7.42,3.82,362.7,5.15,1,18.88,6.39,183.02,3,6.45,3,27.16,3.87
37,144,197,11.19,80.81,6.42,66.34,grapes,16.09,1,6.16,7.65,414.05,3.48,4,6.78,71.09,165.64,3,10.4,3,41.87,1.1
38,120,197,17.54,82.95,6.32,73.77,grapes,20.81,3,8.97,4.15,385.28,4.99,5,6.3,96.64,124.77,1,28.63,1,52.74,4.04
38,141,198,13.06,80.28,5.76,70.76,grapes,20.22,2,7.24,4.14,382.41,5.57,4,18.79,53.61,62.55,2,13.7,1,36.32,4.12
14,121,203,9.72,83.75,6.16,74.46,grapes,23.5,1,10.79,19.83,405.18,2.98,5,8.17,26.51,140.34,1,44.32,1,83.83,3.94
6,125,204,27.92,82.93,5.73,69.92,grapes,14.39,2,11.21,15.67,388.28,4.19,4,13.6,95.42,163.46,1,29.12,3,67.57,3.25
32,138,197,9.54,80.73,5.91,69.44,grapes,22.55,3,7.02,19.92,354.71,8.65,5,6.31,69.11,129.61,3,33.21,1,17.72,2.31
11,124,204,13.43,80.07,6.36,71.4,grapes,13.62,3,9.31,8.31,366.81,9.22,6,5.79,3.26,107.03,2,26.97,3,74.16,2.99
23,138,200,9.85,80.23,5.97,68.43,grapes,20.66,1,11.59,5.98,391.02,1.28,5,8.91,57.91,89.64,3,7.6,3,59.85,3.42
40,143,201,24.97,82.73,6.48,66.7,grapes,25.8,1,8.49,18.63,350.89,4.79,4,16.19,43.62,97.98,3,43.41,1,23.41,4.61
6,142,202,27.24,82.95,6.22,70.43,grapes,29.97,3,10.56,12.36,382.69,2.58,4,15.98,29.77,69.27,2,39.96,3,36.59,3.04
37,124,195,18.71,83.48,6.21,66.6,grapes,10.59,1,7.03,9.99,448.83,2.51,4,14.25,78.63,117.51,3,8.58,2,20.51,3.18
35,134,204,9.95,82.55,5.84,66.01,grapes,13.62,1,8.6,19.88,356.26,1.93,2,7.03,83.61,180.6,1,19,3,59.31,2.58
119,25,51,26.47,80.92,6.28,53.66,watermelon,15.08,1,8.03,14.97,414.23,1.34,6,14.52,22.36,161.29,2,18.53,3,33.02,2.08
119,19,55,25.19,83.45,6.82,46.87,watermelon,24.43,3,10.1,8.17,360.65,3.25,6,13.91,13.71,168.44,3,46.65,3,7.17,2.99
105,30,50,25.3,81.78,6.38,57.04,watermelon,27.84,2,7.58,8.26,431.53,5.73,3,12.17,69.98,92.77,3,37.01,3,71.28,4.31
114,8,50,24.75,88.31,6.58,57.96,watermelon,21.72,2,5.77,19.18,372.86,2.92,3,9.81,58.12,79.81,1,26.13,2,93.85,4.58
93,22,52,26.59,81.33,6.93,41.88,watermelon,21.6,3,7.23,14.07,352.19,3.45,1,14.41,14.86,134.88,1,1.3,2,8.12,2.52
80,26,55,24.53,88.99,6.14,49.12,watermelon,25.13,1,9.36,6.53,398.52,1.92,3,14.63,94.15,100.88,3,3.46,2,52.15,2.63
85,27,45,26.07,88.73,6.47,57.8,watermelon,23.83,3,7.85,17.04,379.27,8.29,5,6.61,10.19,122.22,1,41.96,3,70.63,2.52
85,22,53,25.97,89.77,6.85,59.46,watermelon,25.31,2,5.02,19.92,405.48,1.97,1,5.41,64.51,134.59,1,37.53,1,90.12,2.83
82,22,45,26.22,85.35,6.51,54.6,watermelon,12.91,3,7.59,5.33,440,5.43,4,6.55,38.84,138.68,1,19.99,1,71.51,1.91
118,13,54,24.41,89.82,6.04,44.08,watermelon,29.53,3,7.33,8.94,353.59,3.67,1,12.27,41.1,154.2,2,23.18,3,6.75,2.53
83,25,53,26.49,80.05,6.06,57.73,watermelon,18.94,3,9.77,14.75,428.57,9.68,5,10.23,5.25,104.29,2,2.47,3,7.13,1.16
86,15,47,24.04,84.18,6.42,53.79,watermelon,26.62,1,8.46,2.78,402.65,2.76,6,8.98,51.53,146.75,2,30.98,2,12.65,3.23
101,10,47,25.54,83.32,6.94,57.57,watermelon,21.09,1,7.24,9.84,388.97,1.18,2,5.96,92.03,165.42,3,18.92,2,94.25,1.03
119,9,50,26.75,83.92,6.25,40.79,watermelon,23.37,3,5.65,9.49,449.98,5.37,5,8.69,64.19,133.97,2,28.76,3,68.08,4.48
104,17,46,25.71,80.23,6.19,43.09,watermelon,26.08,2,5.14,4.34,365.71,5.4,1,11.56,6.67,90.77,3,35.12,1,75.53,2.4
95,12,51,25.76,84.17,6.68,44.22,watermelon,21.47,2,5.21,10.75,430.6,5.57,6,10.15,89.03,70.38,1,25.45,2,40.47,3.27
102,14,52,26.79,89.65,6.51,57.74,watermelon,27.73,1,10.92,17.64,449.11,9.13,1,11.19,70.84,53.49,2,16.73,3,32.02,2.77
109,21,55,24.9,89.74,6.77,57.45,watermelon,24.42,3,5.7,3.76,427.01,9.71,5,17.15,17.05,108.49,2,34.16,3,9.07,2.06
81,18,50,26.81,88.23,6.43,58.8,watermelon,24.03,3,8.71,7.24,423.09,2.14,3,18.45,68.95,75.42,2,42.21,1,1.48,2.05
103,17,51,25.11,80.03,6.21,44.21,watermelon,16.81,3,7.64,5.48,391.65,9.67,4,17.12,47.17,79.36,1,33.15,2,46.07,3.89
105,14,50,26.21,87.69,6.42,59.66,watermelon,12.32,3,6.31,0.75,408.44,2,3,13.96,25,168.27,1,32.32,3,19.86,2.17
97,8,52,24.91,86.97,6.24,49.49,watermelon,22.43,1,6.95,13.73,391.23,4.34,3,5.2,63.81,60.86,1,32.33,3,60.75,2.86
120,19,49,25.79,84.27,6.76,56.45,watermelon,23.61,3,8,14.99,387.5,1.44,5,19.39,67.76,180.18,1,4.58,3,41.41,3.84
95,16,55,25.27,87.55,6.61,40.13,watermelon,23.47,3,9.64,12.64,361.94,6.42,1,19.99,87.91,82.77,3,1.2,1,55.59,2.71
83,29,52,25.76,87.59,6.7,46.05,watermelon,17.72,1,7.63,15.08,419.37,4.17,4,5.17,3.51,185.05,3,15.13,3,86.27,1.61
83,9,45,25.85,89.13,6.05,46.85,watermelon,16.79,3,9.8,2.23,404.1,7.91,6,9.17,55.8,169.48,1,20.57,2,79.62,1.17
91,21,50,24.34,81.44,6.76,48.32,watermelon,17.44,1,6.13,10.75,372.16,2.94,3,9.65,31.01,60.13,1,24.41,1,25.77,3.47
116,5,54,25.38,80.99,6.65,57.23,watermelon,18.08,1,7.48,7.12,394.61,9.09,5,9.58,47.2,85.98,1,48.88,3,75.4,4.04
112,28,54,24.86,85.05,6.74,55.3,watermelon,26.38,3,8.84,6.13,446.2,7.61,6,8.21,60.02,158.95,3,32.02,2,37.72,4.14
88,29,51,24.72,88.95,6.1,48.46,watermelon,20.03,3,9.38,10.31,411.37,7.19,4,12.98,51.97,190.4,3,25.74,3,92.4,2.49
118,15,45,24.21,84.21,6.54,48.01,watermelon,10.68,3,6.5,13.67,437.61,6.63,4,15.11,84.82,168.12,2,33.77,2,17.23,4.89
92,21,48,25.82,82.04,6.38,54.83,watermelon,19.78,3,6.38,16.72,432.24,3.49,4,8.6,5.92,74.06,1,36.43,2,31.13,4.82
106,14,45,24.47,84.16,6.42,57.27,watermelon,19.59,2,11.65,10.25,415.74,6.81,1,15.23,11.14,75.54,2,25.92,3,54.8,3.68
99,5,47,24.13,84.84,6.65,51.19,watermelon,25.43,1,5.86,4.73,427.75,3.39,4,16.16,49.63,54.5,3,25.67,3,55.72,4.3
98,8,51,26.18,86.52,6.26,49.43,watermelon,17.27,1,11.5,1.06,403.21,5.05,3,16.94,7.73,130.62,3,39.34,1,1.71,4.47
108,22,46,26.18,86.73,6.12,53.33,watermelon,27.55,1,5.43,18.43,378.38,4.47,3,5.8,50.95,70.41,2,4.44,3,39.05,2.39
119,7,55,26.04,84.64,6.03,44.4,watermelon,13.6,2,6.55,2.49,430.2,1.24,6,18.09,42.3,131.34,3,18.17,3,84.55,1.16
117,27,48,26.53,82.39,6.84,54.31,watermelon,21.67,1,10.57,11.95,368.95,2.49,5,7.25,96.73,120.04,3,42.04,1,36.13,2.62
109,10,53,26.82,87.83,6.55,46.06,watermelon,21.82,3,6.49,5.19,418.35,4.15,4,6.03,6.9,129.86,2,1.51,1,53.45,2.21
80,16,46,25.5,81.4,6.94,48.48,watermelon,19.83,3,6.47,15.37,417.44,1.01,3,8.65,63.15,145.29,1,28.93,1,53.1,4.45
100,18,52,26.2,80.38,6.88,56.48,watermelon,22.03,2,5.95,19.77,426.37,7.62,4,18.16,32.09,197.96,1,28.7,1,81.04,1.37
91,7,53,25.14,89.28,6.46,43.53,watermelon,19.74,2,5.57,17.45,361.85,1.59,4,12.39,69.27,95.41,1,22.69,3,2.44,2.25
86,6,53,25.92,83.47,6.92,42.11,watermelon,21.29,2,7.15,12.1,408.14,5.59,1,19.74,67.31,189.75,2,16.82,2,48.24,4.28
107,5,52,26.66,89.98,6.88,57.41,watermelon,10.19,3,11.55,14.24,364.23,8.7,5,5.86,45.4,55.91,2,38.13,1,77.75,4.59
103,16,49,24.07,81.64,6.92,51.75,watermelon,12.09,3,9.47,15.24,390.58,9.77,2,9.28,9.05,114.73,3,3.28,3,40.48,2.94
101,20,48,24.68,82.75,6.21,57.06,watermelon,15.75,3,7.28,5.73,368.53,1.2,5,15.28,57.27,90.97,1,2.09,2,44.23,4.76
85,25,47,26.11,87.64,6.3,58.48,watermelon,23.72,3,6.53,16.43,405.44,7.32,3,11.21,58.59,185.41,1,42.94,3,14.73,2.24
84,7,51,26.82,87.66,6.4,55.74,watermelon,17.75,2,7.91,13.11,427.28,2.34,4,12.13,69.17,67.19,2,21.59,1,55.73,3.79
102,28,54,25.16,80.28,6.86,55.5,watermelon,27.39,3,11.28,17.34,438.79,2.08,2,15.68,72.43,154.61,3,34.13,2,37.2,4.89
98,25,52,25.28,83.15,6.22,49.29,watermelon,20.07,3,9.74,16.45,406.12,3.83,5,16.99,92.45,164.39,1,49.64,2,41.34,4.21
97,25,50,26.22,80.9,6.09,49.09,watermelon,22.21,2,5.84,0.41,430.11,5.56,2,16.16,42.96,80.51,2,40.17,2,57.73,1.16
90,16,45,24.92,80.62,6.29,50.56,watermelon,13.34,2,8.95,8.68,417.42,4.8,6,10.75,18.3,179.83,2,20.44,2,91.05,4.1
95,12,46,26.22,81.01,6.32,54.65,watermelon,10.05,1,6.54,7.96,415.14,7.25,2,18.02,74.84,80.51,2,40.92,1,35.02,4.17
82,23,49,26.81,87.22,6.87,51.7,watermelon,13.8,3,6.48,11.27,404.02,4.87,5,11.94,6.14,72.2,3,46.02,1,10.51,2.23
82,25,51,24.31,87.47,6.07,48.11,watermelon,12.29,2,5.71,11.54,423.25,5.71,5,5.74,0.07,65.13,3,26.76,3,66.63,1.12
110,28,46,24.29,88.05,6.5,51.26,watermelon,26.31,2,8,14.26,434.81,4.16,6,16.85,14.12,156.55,3,25.66,1,88.97,4.79
118,21,51,24.43,86.34,6.68,48.58,watermelon,12.83,2,11.31,17.94,423.44,6.53,3,7.05,47.8,143.21,3,30.86,1,15.39,2.38
120,20,45,25.67,88.7,6.11,54.23,watermelon,27.3,2,11.07,15.52,381.01,6.14,1,13.04,96.12,97.38,3,38.84,3,77.13,1.19
91,7,52,25.08,83.46,6.41,56.4,watermelon,12.4,1,10.87,17.32,419.68,6.61,4,6.8,86.25,188.82,1,6.2,1,80.63,3.83
81,6,55,24.89,85.87,6.11,51.71,watermelon,21.29,2,8.54,3.35,448,9.56,5,19.57,20.58,78.08,3,25.02,1,76.42,2
101,13,54,25.43,82.91,6.83,56.34,watermelon,11.41,2,7.95,13.52,434.74,8.11,3,12.36,48.57,129.66,3,14.69,1,31.14,2.82
101,17,55,24.37,87.13,6.45,44.64,watermelon,29.18,1,7.87,3.72,413.53,9.74,2,5.04,99.91,62.33,3,31.91,2,70.01,1.92
111,6,53,26.49,88.59,6.31,46.06,watermelon,18.87,2,11.43,16.04,357.56,5.61,2,12.94,9.56,156.39,3,48.11,3,52.88,1.46
107,10,49,25.83,89,6.76,45.25,watermelon,23.98,2,8.74,14.17,445.05,1.41,3,15.8,92.25,168.96,1,32.3,3,91.4,4.38
115,11,46,24.42,89.4,6.62,40.32,watermelon,20.6,2,7.41,16.23,444.76,9.45,3,14.34,24.94,85.05,3,29.17,2,61.18,2.95
84,25,52,24.37,81.25,6.13,44.21,watermelon,22.47,3,6.76,5.96,419.23,3.5,5,5.69,51.64,135.9,1,28.49,1,47.74,2.99
120,7,47,24.25,83.04,6.65,54.77,watermelon,20.05,1,10.28,12.08,378.46,6.37,6,7.23,79.06,166.57,3,7.48,2,14.16,3.85
91,12,46,24.64,85.5,6.34,48.31,watermelon,13.53,3,5.83,0.71,417.38,9.49,1,9.06,26.32,106.44,3,49.8,2,66.73,4.06
89,22,52,24.9,86.11,6.22,53.15,watermelon,22.64,1,9.61,6.39,361.7,4.98,5,8.9,91.2,160.55,2,41.12,2,90.94,1.07
113,19,46,25.42,81.12,6.29,49.52,watermelon,27.83,3,11.48,18.49,446.43,2.13,2,10.85,11.08,142.36,3,43.95,2,40.59,4.42
97,22,50,26.26,86.15,6.77,58.98,watermelon,21.38,2,10.74,8.97,444.92,6.02,4,16.46,80.26,169.24,3,2.32,3,92.06,4.08
117,30,50,24.9,87.21,6.74,46.59,watermelon,24.93,1,9.35,2.65,443.42,1.49,5,18.84,3.39,189.12,3,44.86,2,99.52,2.4
90,14,52,24.85,89.2,6.39,59.68,watermelon,15.78,2,5.16,14.37,363.71,4.02,2,18.62,58.16,120.15,2,1.89,3,37.78,4.15
104,23,47,26.98,86.7,6.77,42.91,watermelon,25.6,2,9.22,1.03,417.58,1.42,2,12.58,37.67,108.82,3,41.48,3,32.79,3.2
81,16,45,26.9,86.25,6.73,59.76,watermelon,15.3,3,7.85,17.64,425.13,5.94,6,19.16,46,56.54,2,49.4,2,41.25,3.08
88,5,47,25.86,86.67,6.66,41.17,watermelon,21.43,2,9.97,15.93,371.46,6.62,5,16.13,73.59,183.99,3,16.49,2,96.53,2.35
92,7,45,26.71,81.14,6.94,51.51,watermelon,19.25,1,9.37,15.08,401.15,2.64,5,9.54,27.57,137.23,2,6.48,2,93.27,2.03
81,18,50,26.44,80.92,6.51,47.82,watermelon,11.41,3,6.6,9.6,400.64,4.05,2,11.65,94.34,58.08,3,45.79,1,5.27,2.39
111,5,55,26.28,84.42,6.52,50.79,watermelon,21.78,3,7.87,10.8,360.04,9.44,2,6.94,22.01,73.73,2,0.38,2,99.19,1.2
108,23,51,26.84,83.85,6.11,40.23,watermelon,17.7,3,10.48,4.99,355.26,6.75,3,9.72,70.92,149.64,3,14.57,1,75.19,4.04
113,30,50,26.04,83.99,6.28,43.88,watermelon,22.76,1,5.2,18.2,367.36,5.44,1,9.1,97.45,100.11,2,45.47,3,66.8,1.4
83,10,53,24.93,85.01,6.2,48.76,watermelon,12.16,1,8.85,5.89,402.01,9.15,6,11.3,64.99,135.01,1,5.26,3,72.85,2.48
101,11,51,25.51,84.24,6.79,44.21,watermelon,10.2,2,6.72,17.68,414.76,9.3,2,14.63,15.49,194,2,43.29,3,64.7,2.62
114,21,55,25.44,87.94,6.47,57.52,watermelon,24.15,1,8.21,18.81,392.78,7.16,1,6.03,23.07,126.73,3,39.29,1,31.81,3.91
99,6,45,26.13,86.55,6,40.71,watermelon,10.56,3,7.75,1.87,374.02,3.26,3,9.19,25.63,181.05,2,19.35,3,24.47,1.32
92,20,55,25.1,87.53,6.59,59.27,watermelon,16.35,2,5.38,15.28,361.25,4.24,2,12.86,72.03,173.04,3,16.85,3,86.45,4.68
92,7,48,26.28,86.63,6.96,54.39,watermelon,21.6,3,11.72,9.24,398.89,8.65,3,14.52,41.66,183.5,3,45.21,1,44.81,4.92
91,24,55,26.27,83.09,6.26,46.77,watermelon,15.67,1,8.75,12.31,357.8,1.65,5,13.95,37.22,70.6,3,10.26,3,52.33,3.96
110,21,54,26.74,87.82,6.75,47.46,watermelon,16.65,1,11.63,9.23,433.9,6.5,1,8.33,62.45,154.15,3,46.67,2,32.18,2.87
112,25,51,25.05,85.57,6.93,56.72,watermelon,18.3,2,8.95,13.53,428.9,5.61,5,9.05,12.76,85.63,1,3.05,3,33.56,4.2
89,25,54,24.69,85.57,6.35,48.99,watermelon,22.33,2,5.08,11.72,360.18,1.89,3,14.09,73.21,63.11,1,17.75,3,90.2,2.45
100,10,53,24.54,84.61,6.21,42.01,watermelon,17.99,1,5.9,12.02,424.99,9.85,2,18.61,91,185.34,3,0.9,2,76.14,3.51
83,22,54,25.9,81.97,6.28,54.5,watermelon,17.11,3,7.66,19.87,385.18,7.39,2,16.57,23.33,154.69,3,29.69,2,41.17,3.36
95,14,50,26.63,84.32,6.56,56.32,watermelon,10.82,3,10.02,14.59,438.74,9.67,5,6.89,72.25,82,1,41.79,1,13.09,2.86
119,30,49,25.36,80.46,6.9,47.72,watermelon,19.06,3,11.21,9.85,362.88,4.88,6,13.95,12.86,149.46,3,44.87,1,68.55,3.94
97,12,47,25.29,89.64,6.77,58.29,watermelon,27.38,1,11.82,5.77,380.18,2.77,1,8.14,37.97,127.72,3,48.31,3,75.82,2.35
110,7,45,26.64,84.7,6.19,48.32,watermelon,18.4,1,10.67,7.67,425.78,2.41,3,11.81,30.47,142.98,2,14.73,1,45.37,4.38
96,18,50,25.33,84.31,6.9,41.53,watermelon,24.82,1,11.59,0.43,356.01,6.09,1,18.98,92.74,159.82,3,18.18,1,68.96,4.27
83,23,55,26.9,83.89,6.46,43.97,watermelon,14.96,2,11.79,0.81,407.5,5.44,1,9.53,81.15,90.77,2,36.21,1,72.27,4.22
120,24,47,26.99,89.41,6.26,58.55,watermelon,24.72,1,10,9.5,367.65,6.21,5,17.69,1.7,155.31,3,13.28,2,58.06,2.94
115,17,55,27.58,94.12,6.78,28.08,muskmelon,13.61,1,8.37,1.3,380.16,9.03,5,14.63,81.29,64.81,3,5.66,1,82.49,2.41
114,27,48,27.82,93.04,6.53,26.32,muskmelon,12.28,2,8.32,12.72,445.32,3.5,3,19.52,58.12,141.19,2,2.29,1,44.55,3.49
101,25,52,29.1,94.22,6.75,22.52,muskmelon,25.01,2,6.45,16.45,385.79,9.53,6,9.18,19.87,53.08,2,10.95,3,44.63,2.22
118,18,52,28.05,90.83,6.56,20.76,muskmelon,19.22,2,8.84,2.05,395.84,2.34,4,11.35,75.2,143.79,2,49.84,2,12.74,2.05
95,26,45,29.92,94.56,6.12,28.16,muskmelon,26.32,1,6.07,18.71,409.07,8.27,1,13.69,22.41,185.47,1,26.15,1,65.96,1.79
81,25,49,29.87,93.25,6.08,26.26,muskmelon,11.94,2,11.49,0.51,448.49,7.61,2,18.68,20.66,161.01,1,5.79,2,2.84,4.25
117,24,53,29.17,92.21,6.29,21.3,muskmelon,29.2,3,7.94,19.68,353.77,8.14,5,14.95,12.62,91.24,3,3.48,3,33.52,2.14
114,30,51,29.25,90.07,6.07,25.93,muskmelon,16.86,2,8.41,8.82,406.54,8.82,6,17.37,78.42,170.5,2,22.82,2,4.44,2.75
113,6,52,27.76,90.36,6.74,25.22,muskmelon,10.42,2,9.45,7.11,429.26,1.74,2,17.1,90,132.41,3,26.96,3,79.58,1.11
108,26,52,28.83,94.27,6.2,26.24,muskmelon,17.19,3,6.34,0.52,378.05,1.68,2,8.31,62.07,149.54,3,4,2,53.9,4.74
81,30,48,28.52,92.1,6.04,29.87,muskmelon,21.59,2,9.48,7.43,367.84,7.15,2,11.25,99.74,106.87,2,24.44,1,56.51,3.34
115,9,52,29.07,90.98,6.02,29.12,muskmelon,15.83,2,9.95,0.98,377.77,1.66,2,7.82,16.2,67.53,1,27.92,3,84.86,3.97
83,7,45,29.08,90.74,6.7,25.33,muskmelon,26.64,3,6.31,5.29,374.1,1.78,1,14.55,69.53,158.75,2,14.87,1,84.64,3.71
84,21,55,28.47,94.79,6.49,21.08,muskmelon,16.1,3,6.19,15.52,421.3,6.03,1,8.95,55.84,93.78,2,26.77,1,8.57,1.46
109,26,45,28.28,90.39,6.22,21.59,muskmelon,12.15,3,6.42,9.6,364.57,3.75,4,14.9,59.21,114.31,3,16.27,1,97.17,2.52
95,27,55,28.47,91.21,6.16,20.89,muskmelon,14,1,5.05,6.3,356.08,4.99,6,15.1,45.72,92.89,3,33.9,1,20.87,1.51
119,5,55,29.69,94.3,6.17,26.84,muskmelon,16.06,3,10.52,7.92,416.77,7.37,4,6.33,33.18,77.87,3,26.92,2,83.04,2.19
110,14,51,27.02,91.67,6.09,21.26,muskmelon,18.08,2,7.53,19.42,392.04,4.83,2,7.17,6.71,77.52,3,1.5,2,50.07,3.04
82,18,48,29.1,94.17,6.16,26.71,muskmelon,23.75,2,10.66,19.14,422.68,6.22,5,12.89,0.46,98.07,1,7.15,3,96.19,1.37
87,14,48,29.69,92.59,6.61,29.11,muskmelon,14.09,2,11.22,19.07,391.07,7.33,6,19.94,70.58,140.08,1,27.04,2,35.42,3.58
85,9,53,28.21,92.87,6.45,28.79,muskmelon,15.35,2,5.32,5.18,358.31,5.25,4,13.81,9,101.24,1,47.26,1,62.86,3.45
100,6,53,29.05,93.92,6.11,23.67,muskmelon,12.61,3,5.59,7.91,425.5,1.11,5,10.65,17.89,63.84,1,11.22,1,13.92,2.19
107,12,46,29.57,93.62,6.56,27.57,muskmelon,23.6,1,6.88,2.87,367.35,4.23,6,7.02,99.21,84.78,1,26.81,2,78.25,4.91
91,13,47,29.11,92.44,6.14,27.96,muskmelon,21.56,1,7.08,13.08,445.07,2.61,5,12.98,75.5,165.25,2,16.18,3,95.97,3.46
102,25,50,28.2,92.91,6.1,20.36,muskmelon,19.04,3,5.61,10.36,444.61,1.47,6,12.75,37.68,152.24,3,23.14,2,54.4,2.36
117,25,53,29.12,92.13,6.41,24.52,muskmelon,28.92,3,7.26,11.42,418.32,7.69,1,17.47,59.94,179.68,2,5.99,3,87.21,2.88
85,21,52,29.63,90.1,6.08,23.7,muskmelon,28,1,6.61,14.01,443.42,2.72,2,19.31,31.56,145.03,1,7.74,3,18.15,2.53
104,25,55,29.81,90.37,6.12,22.69,muskmelon,10.25,1,8.39,17.75,430.12,5.33,1,6.83,52.81,132.18,2,14.35,1,4.09,4.97
102,24,54,27.72,90.94,6.7,22.82,muskmelon,22.33,3,6.05,16.76,388.67,3.9,6,8.08,88.38,193.81,3,0.31,2,51.38,2.54
116,25,50,29.26,92.92,6.09,28.71,muskmelon,24.94,1,9.09,3.76,352.25,6.89,3,15.26,49.32,80.38,1,30.37,3,44.24,3.39
100,17,48,29.73,94.3,6.37,26.52,muskmelon,27.02,1,11.27,3.73,397.04,5.31,3,15.01,58.26,90.78,2,15.57,3,18.38,4.87
110,25,54,28.91,90.78,6.43,23.44,muskmelon,28.23,3,11.76,8.14,409.62,4.19,1,14.93,82.94,130.99,2,37.25,3,89.94,3.57
104,25,51,28.96,93.88,6.47,23.56,muskmelon,13.92,3,10.83,15.02,445.57,3.36,6,5.09,66.26,163.66,1,15.01,3,17.38,3.95
107,11,54,28.59,91.34,6.09,29.44,muskmelon,29.2,2,10.27,1.65,367.87,5.01,5,15.63,83.08,155.9,3,14.6,1,51.74,4.44
98,26,52,27.34,90.7,6.15,28.69,muskmelon,17.28,2,9.38,12.5,357.05,6.42,3,6.81,67.13,133.24,2,21.35,3,60.12,4.12
88,17,52,29.9,90.75,6.65,25.38,muskmelon,24.04,1,5.86,18.57,410.26,7,6,7.68,75.8,176.59,3,19.65,2,35.41,2.85
87,25,46,27.43,90.03,6.38,21.75,muskmelon,25.79,2,6.71,8.48,434.81,9.39,4,18.79,76.51,181.34,2,7.18,2,66.79,1.3
120,8,46,29.56,90.71,6.73,28.37,muskmelon,14,3,11.49,7.62,388.56,9.14,6,13.29,26.96,154.52,2,24.83,2,51.07,1.4
95,13,46,29.84,93.76,6.13,23.28,muskmelon,13.58,1,10.36,5.58,427.5,4.36,3,18.25,27.35,145.12,2,28.69,1,71.62,4.44
108,22,47,28.54,91.73,6.16,25.13,muskmelon,28.98,2,9.16,11.16,438.82,7.23,4,10.81,80.21,71.6,1,48.02,2,94.93,2.34
82,13,52,27.12,94.87,6.44,26.52,muskmelon,12.47,2,8.82,16.01,426.22,6.28,1,6.52,22.71,103.13,3,12.91,2,93.13,2.71
120,23,55,27.84,91.61,6.73,26.48,muskmelon,12.07,3,9.02,11.02,437.73,7.09,4,12.07,91.18,85.97,3,28.52,2,15.89,4.12
110,22,47,29.03,91.82,6.24,24.94,muskmelon,11.52,2,10.92,15.6,353.53,2.87,1,7.78,11.92,136.88,3,37.84,3,57.83,4.16
95,23,45,27.82,90.57,6.27,21.19,muskmelon,13.66,3,9.37,11.68,419.07,8.35,1,19.54,54.89,138.2,3,35.25,1,52.74,3.18
106,10,49,27.73,92.01,6.35,20.21,muskmelon,28.63,1,9.72,18.87,394.98,4.88,2,16.5,15.66,170.42,3,41.45,3,23.92,1.5
99,12,52,28.7,94.31,6,22.22,muskmelon,24.19,3,7.95,8.52,359.34,3.28,3,5.12,9.62,147.22,2,49.62,3,30.97,1.35
106,20,51,29.73,90.97,6.34,20.49,muskmelon,14.32,3,9.56,13.71,384.22,2.29,3,12.52,73.71,144.09,2,13.78,1,51.12,1.28
83,11,53,29.54,92.92,6.16,21.97,muskmelon,21.14,1,8.03,7.84,354.62,5.04,4,16.9,81.31,148.96,2,33.21,1,6.82,4.54
117,19,55,28.8,91.78,6.12,25.16,muskmelon,20.77,2,8.59,15.76,373.29,1.56,3,15.41,98.05,164.11,1,3.62,3,13.56,2.97
98,26,49,27.29,90.53,6.13,23.5,muskmelon,24.41,3,8.93,13.75,368.37,6.15,2,11.29,87.22,196.68,1,17.23,2,5.55,1.22
113,20,48,27.47,94.88,6.44,27.28,muskmelon,23.39,2,6.71,1.04,444.29,1.88,2,7.21,81.46,158.69,2,12.83,1,34.73,2.51
101,17,47,29.49,94.73,6.19,26.31,muskmelon,11,2,8.22,17.3,402.31,8.62,6,17.69,54.01,79.63,3,11.77,1,3.06,2.81
98,7,45,27.79,92.51,6.16,26.85,muskmelon,14.36,2,8.5,15.57,429.13,4.46,5,14.87,60.63,134.39,2,40.71,2,5.22,2.63
93,22,48,29.13,91.52,6.78,21.9,muskmelon,18.6,3,11.35,0.16,364.62,9.82,4,17.04,66.45,196.1,3,3.04,3,32.09,4.76
95,21,47,27.93,93.56,6.43,20.66,muskmelon,27.95,2,11.98,18.91,423.48,6.65,1,14.82,76.22,177.55,3,24.38,1,80.74,1.9
109,12,48,29.46,92.13,6.71,20.76,muskmelon,13.58,1,8.32,6.11,387.63,2.83,1,12.37,56.09,83.84,2,32.61,2,51.51,4.81
118,12,47,27.97,92.17,6.01,28.95,muskmelon,21.2,1,6.32,2.75,390.44,9.27,4,10.31,51.77,110.34,3,1.78,3,26.62,2.87
100,14,49,29.49,91.08,6.37,26.02,muskmelon,13.57,1,10.95,6.69,435.94,8.36,6,10.02,16.74,59.72,2,4.67,3,15.57,4.49
89,9,47,29.47,90.77,6.67,28.75,muskmelon,29.67,3,7.49,3.39,418.96,7.99,5,17.52,72.31,142.01,2,46.52,2,65.7,1.56
95,16,46,27.08,90.14,6.75,24.45,muskmelon,23,3,9.28,5.52,395.88,6.22,3,9,78.03,186.15,3,42.08,3,84.09,4.78
95,7,45,27.3,90.8,6.03,25.09,muskmelon,29.02,1,8.32,1.26,377.78,9.22,3,17.16,54.76,133.22,3,25.12,1,79.47,2.84
87,6,45,29.83,90.79,6.4,22.84,muskmelon,26.3,1,7.93,2.25,426.87,4.08,6,15.08,32.37,52.17,1,40.94,3,58.72,1.28
93,20,50,29.93,93.23,6.45,24.35,muskmelon,10.98,2,6.51,3.73,396.91,9.13,3,13.46,75.55,72.15,1,48.9,3,91.5,4.68
84,29,49,29.94,93.91,6.25,20.39,muskmelon,13.97,1,8.28,15.76,367.05,1.37,1,5.63,60.77,106.22,3,22.32,1,63.57,4.19
111,5,47,28.03,91.47,6.27,21.18,muskmelon,29.72,1,8.52,18.25,445.91,9.19,1,6.61,78.61,87.58,3,0.95,2,92.67,2.01
111,5,52,29.88,94.04,6.14,21,muskmelon,28.77,3,5.73,18.53,444.11,4.96,1,6.27,88.07,72.31,3,31.26,2,65.37,1.44
111,15,54,27.71,92.91,6.19,22.06,muskmelon,13.89,1,5.59,7.17,409.12,1.92,1,7.42,96.33,64.98,1,47.6,2,28.34,2.27
89,11,47,29.79,94.65,6.33,27.87,muskmelon,15.3,2,8.12,16.27,378.93,3.54,4,5.61,94.5,86.34,2,43.95,2,49.52,1.03
110,15,48,28.58,92.87,6.21,27.6,muskmelon,25.17,1,6.56,15.33,355.83,2.07,3,17.49,86.36,145.09,2,33.27,3,59.11,2.31
95,30,52,29.48,90.34,6.64,26.04,muskmelon,10.18,1,5.58,17.18,386.33,3.73,4,9.23,95.73,178.73,3,6.77,3,34.91,1.07
115,12,52,27.51,94.96,6.69,21.02,muskmelon,15.2,1,5.26,16.34,404.3,6.28,6,19.2,11.76,187.65,1,48.1,1,52.12,1.84
120,25,50,28.05,94.82,6.33,21.85,muskmelon,27.44,3,11.37,18.97,402.69,4.63,2,7,71.45,108.71,1,3.68,2,8.46,1.74
102,11,45,29.03,93.13,6.36,24.16,muskmelon,19.51,1,10.31,13.1,447.99,2.14,4,13.39,50.59,63.17,2,20.21,1,42.29,2.09
94,5,55,28.59,91.89,6.09,26.88,muskmelon,27.22,1,6.33,12.84,441.65,6.21,6,11.99,60.35,190.86,2,32.83,2,57,3.24
84,18,46,27.09,93.42,6.78,25.32,muskmelon,25.92,1,10.2,4.92,355.31,9.94,2,9.54,41.69,124.1,2,7.05,1,87.93,4.29
107,22,54,28,90.85,6.63,21.62,muskmelon,20.16,2,9.82,17.67,393.92,4.16,1,6,63.21,94.99,2,19.99,1,75.08,1.84
80,18,52,27.87,91.15,6.48,24.05,muskmelon,14.78,1,9.34,6.86,448.13,5.99,4,9.51,78.95,192.02,1,22.96,3,71.8,3.21
86,18,45,28.97,90.72,6.57,22.26,muskmelon,16.47,3,9.87,1.87,439.82,7.42,4,17.84,29.7,125.16,2,20.49,3,82.41,2.29
113,28,48,28.88,92.49,6.17,24.44,muskmelon,13.27,1,11.92,10.07,437.07,5.54,1,15.82,30.39,167.25,1,36.78,3,87.7,1.29
115,18,53,29.17,94.2,6.01,22.07,muskmelon,10.47,1,11.67,7.82,388.46,2.33,2,19.01,21.22,191.25,1,48.1,1,35.35,3.46
82,20,54,29.34,90.02,6.54,21.45,muskmelon,22.54,1,5.58,19.37,421.02,7.23,6,10.72,96.12,64.63,3,31.29,1,24.38,2.33
98,22,47,29.07,91.92,6.34,28.84,muskmelon,13.38,3,10.84,11.68,371.37,5.51,4,10.24,1.2,198.59,3,42.09,3,14.8,4.39
117,25,54,28.68,92.51,6.15,29.11,muskmelon,15.36,1,8.16,8.64,373.31,3.88,1,7.26,5.85,144.84,2,1.96,3,19.68,4.04
83,15,49,28.93,91.39,6.44,23.2,muskmelon,22.56,3,9.27,9.65,449.14,7.21,1,8.48,43.6,150.26,1,7.82,2,22.83,3.94
120,16,51,28,91.64,6.55,23.29,muskmelon,27.21,3,10.77,1.51,373.02,9.86,1,12.79,91.35,122.47,2,15.87,2,60.89,2.47
111,5,50,27.59,91.8,6.4,24.84,muskmelon,24.99,3,11.47,7.57,439.41,9.21,1,9.06,48.86,173.22,3,0.59,2,47.41,4.16
85,21,47,29.87,90.61,6.19,24.7,muskmelon,13.25,1,9.87,19.01,438.12,4.15,5,13.82,79.92,150.51,1,14.68,3,95.58,2.33
90,23,54,28.56,90.46,6.16,27.27,muskmelon,26.29,3,11.36,2.73,448.71,6.78,1,5.62,73.21,86.91,3,2.86,1,8.05,3.08
99,29,55,29.19,91.46,6.66,26.48,muskmelon,25.93,1,6.06,8.46,369.64,5.86,6,17.24,38.01,62.95,1,48.05,3,25.86,4.46
102,11,47,27.99,92.78,6.5,27.15,muskmelon,28.48,3,11.11,1.75,449.87,1.19,6,14.2,9.29,93.57,2,29,3,65.93,1.22
80,18,51,28.05,91.82,6.71,20.77,muskmelon,18.23,3,5.44,16.43,366.7,1.74,1,12.13,46.3,133.09,2,34.42,2,53.22,3.35
87,21,52,27.35,94.29,6.07,27.21,muskmelon,20.61,2,10.73,1.88,379.78,2.72,1,6.05,25.44,69.77,2,10.95,3,3.89,1.03
114,8,52,29.34,94.55,6.42,28.23,muskmelon,18.84,1,6.34,13.33,379.56,6.74,3,5.83,65.88,143.16,1,6.86,3,60.01,2.41
99,6,46,28.61,94.22,6.4,28.99,muskmelon,22.45,2,9.96,4.94,401.65,4.04,3,6.96,5.15,110.55,3,28.79,3,54.98,3.71
89,25,50,27.05,91.35,6.38,25.08,muskmelon,26.64,1,11.62,15.75,407.48,2.18,5,12.07,88.38,151.36,1,15.5,1,45.74,1.34
96,13,55,29.53,94.57,6.7,21.14,muskmelon,16.85,1,8.84,3.32,394.96,3.43,4,15.28,32.92,185.74,2,29.53,3,2.65,4.94
82,26,47,28.5,93.47,6.57,24.2,muskmelon,15.66,1,11.68,2.38,366.51,8.4,4,5.07,25.59,185.81,1,14.43,2,46.01,3
106,21,52,28.9,94.79,6.29,23.04,muskmelon,15.48,2,8.62,14.98,360.76,7.8,1,18.58,49.88,107.83,1,14.51,1,34.59,4.66
90,15,52,27.05,91.38,6.45,23.66,muskmelon,11.74,1,5.44,7.97,356.14,4.94,1,6.98,56.32,67.37,1,4.05,3,48.48,4.74
106,16,54,28.96,91.7,6.59,24.75,muskmelon,29.92,2,6.67,18.34,382.54,7.15,6,19.69,53.71,99.89,3,42.63,2,20.09,4.38
24,128,196,22.75,90.69,5.52,110.43,apple,26.11,3,5.62,16.67,379.08,6.98,3,17.07,9.29,150.13,1,27.91,3,15.5,3.06
7,144,197,23.85,94.35,6.13,114.05,apple,21.63,2,8.15,1.86,356.87,3.95,2,10.09,77.04,82,3,26.23,1,35.41,3.64
14,128,205,22.61,94.59,6.23,116.04,apple,21.3,3,6.92,15.04,364.34,8.84,4,9.26,52.42,196.67,2,8.9,2,84.68,1.53
8,120,201,21.19,91.13,6.32,122.23,apple,11,3,8.08,2.78,385.95,4.29,2,5.87,65.86,189.28,1,16.62,1,43.26,2.12
20,129,201,23.41,91.7,5.59,116.08,apple,24.79,2,6.31,11.53,399.66,7.81,3,15.83,95.53,59.18,1,32.81,3,66.97,3.56
32,137,204,22.86,93.13,5.82,117.73,apple,13.75,2,9.4,6.18,380.95,7.77,3,8.02,49.74,131.8,1,19.73,2,29.45,3.56
27,139,205,22.48,93.41,5.77,105.55,apple,23.36,2,9.3,8.99,368.66,9.31,1,19.78,72.91,115.61,1,23.72,2,17.58,1.62
0,123,205,22.03,92.96,5.79,121.13,apple,17.59,1,10.6,13.6,392.37,2.07,4,11.12,85.92,170.36,2,47.09,1,83.45,3.94
22,144,196,21.91,91.69,6.5,117.08,apple,17.41,1,8.49,10.29,370.7,8.71,1,12.13,93.74,144.24,1,17.68,3,82.88,3.83
1,124,199,23.71,93.27,5.66,112.67,apple,15.67,3,6.35,9.49,374.61,4.12,6,13.14,73.17,85.64,2,9.17,2,59.69,4.6
30,122,197,21.38,92.72,5.57,106.14,apple,18.04,2,7.54,17.23,415.38,8.22,2,6.34,51.37,104.59,1,40.01,2,98.03,1.05
29,121,196,22.85,94.32,6.08,123.6,apple,10.47,2,5.99,13.54,408.07,9.01,5,7.85,6.41,98.31,1,6.69,1,44.46,2.08
13,126,204,23.11,92.8,6.38,108.18,apple,24.54,2,8.16,11.44,400.71,7.68,6,6.47,50.73,194.95,1,18.02,3,87.53,1.56
9,139,199,23.25,94.54,5.87,105.36,apple,28.95,2,10.38,16.65,363.31,3.35,2,9.4,98.98,192.48,1,7.33,3,13.11,2.62
0,133,200,23.67,90.49,5.71,104.23,apple,28.87,2,8.03,2.26,359.27,5.11,2,6.13,90.19,174.6,1,13.2,3,24.33,1.18
30,143,199,23.77,90.6,5.8,102.26,apple,12.08,3,5.37,14.45,374.44,1.29,6,19.75,69.81,164.86,3,14.03,3,46.78,4.48
36,140,198,23.34,91.48,6.28,104.43,apple,22.23,1,7.75,19.24,431.46,4.48,5,12.45,97.75,169.19,1,38.11,1,36.97,1.13
37,137,199,22.64,90.18,5.7,108.34,apple,23.71,1,11.47,10.98,445.61,3.22,3,6.8,62.03,104.59,3,18.06,2,57.58,4.01
33,121,203,22.46,94.76,5.61,114.84,apple,12.47,2,10.94,10.04,409.25,4.05,3,17.56,88.04,140.52,3,48.95,2,73.27,2.36
7,144,195,22.96,93.58,5.86,104.65,apple,24.53,1,8.25,15.33,366.73,8.85,2,8,85.26,174.44,3,23.05,2,66.58,2.76
35,128,205,21.07,93.57,6.04,107.87,apple,19.77,2,10.17,3.78,381.13,6.44,1,10.68,32.35,160.57,2,5.19,3,37.81,1.57
29,128,198,22.44,92.71,5.69,121.5,apple,25.7,3,9.71,14.9,376.88,2.08,6,16.02,85.51,160.86,3,3.95,1,94.91,3.17
2,143,196,22.71,90.45,5.67,109.89,apple,10.19,1,9.33,9.64,381.72,1.44,1,17.82,52.62,141.78,3,4.86,3,11.87,1.7
34,140,198,21.7,93.44,5.75,115.18,apple,22.75,1,11.28,3.2,381.99,7.83,5,10.87,49.21,173.23,2,44.26,1,48.1,1.3
29,144,204,22.43,92.49,5.8,119.1,apple,29.19,2,5.38,17.41,355.5,5.54,2,12.81,81.09,125.72,2,28.99,3,83.93,3.13
32,141,203,21.26,92.84,5.82,109.07,apple,29.04,3,9.98,15.77,352.06,3.15,5,12.25,88.83,70.62,3,26.41,3,94.79,4.46
13,144,197,22.92,94.9,6.28,105.69,apple,11.8,3,6.91,2.37,437.71,9.49,5,12.43,91.02,90.73,3,3.81,1,73.58,1.61
25,143,198,22.81,91.52,6.03,107.86,apple,14.08,3,6.57,7.84,391.07,1.69,6,9.11,67.62,169.87,1,22.13,3,44.01,1.47
9,137,200,21.12,90.69,5.64,102.8,apple,28.39,2,10.96,6,422.08,1.47,6,6.25,64.41,196.57,2,37.48,1,79.84,4.05
6,144,198,21.11,90.32,5.56,104.51,apple,24.86,1,10.54,6.65,397.5,4.69,6,19.93,65.23,59.83,3,11.52,3,86.06,3.92
37,126,196,23.6,90.98,5.6,107.17,apple,11.33,1,9.21,10.81,368.2,4.73,6,18.14,72.73,104.21,1,47.36,2,91.3,1.97
2,120,203,23.13,94.71,5.89,108.62,apple,11.65,3,11.2,6.58,437.92,7.59,4,11.93,71.98,157.68,2,11.06,2,78.86,3.27
11,143,197,22.98,93.32,5.88,122.2,apple,11.71,2,11.03,17.37,426.24,4.37,3,19.14,65.91,59.69,3,28.58,2,6.31,2.34
10,141,201,22.13,90.98,6.39,104.54,apple,10.7,2,9.05,0.08,355.28,6.74,2,11.44,28.99,163.85,1,29.19,2,84.98,1.55
24,142,202,22.54,91.48,5.71,101.85,apple,22.46,1,9.64,4.43,390.69,5.83,3,7.22,80.65,60.91,3,27.37,3,77.27,1.83
23,138,195,22.49,91.7,5.8,124.39,apple,15.41,3,10.72,17.53,392.63,2.73,4,10.03,3,137.3,1,42.99,3,93.62,1.22
18,125,204,22.36,94.48,6.05,116.74,apple,11.02,2,5.7,4.04,366.33,6.33,3,6.65,80.03,123.05,2,3.47,2,27.78,4.41
13,121,196,22.21,93.51,6.44,120.16,apple,15.04,2,10.03,8.19,372.73,1.46,1,16.46,54.9,174.5,2,36.7,1,6.29,1.29
26,122,202,22.45,94.74,5.62,107.18,apple,28.02,1,10.49,11.83,426.56,8.37,3,19.69,32.03,107.06,1,11.07,3,52.16,1.14
28,123,202,22.77,92.12,6.44,120.44,apple,25.46,1,5.1,18.18,389.04,2.57,6,15.95,86.24,181.57,1,37.81,3,77.22,4.8
26,121,201,22.19,90.03,6.16,112.31,apple,24.98,2,9.19,16.89,387.82,3.33,1,9.83,3.06,175.97,3,25.81,1,5.21,1.44
21,137,196,23.61,91.7,5.81,123.59,apple,27.13,2,11.17,7.12,352.33,5.02,2,5.49,30.36,93.02,1,32.65,3,16.37,2.48
21,135,198,23.86,94.92,5.77,105.02,apple,14.48,2,11.3,7.97,426.42,7.44,4,7.16,90.44,193.84,1,27.68,3,27.11,3.07
5,144,205,21.42,92.63,6.18,102.8,apple,20.29,2,8.29,4.59,447.52,6.73,2,11.89,39.92,106.23,1,26.28,1,84.1,2.75
2,123,205,22.37,90.79,5.74,124.98,apple,13.28,2,8.23,17.74,392.29,8.67,4,16.11,80.81,161.95,1,35.2,3,10.29,3.35
15,133,199,24,91.61,5.82,117.61,apple,20.39,3,11.81,12.2,437.85,7.36,1,7.05,38.5,148.03,1,0.54,1,22.99,2.5
31,130,198,21.8,92.73,5.55,120.06,apple,29.13,1,5.81,17.75,439.7,5.75,1,7.89,90.53,53.48,3,40.63,2,80.29,1.75
25,143,200,23.8,92.8,6.02,100.62,apple,13.28,2,7.43,17.5,380.09,8.47,6,16.42,25.51,57.86,3,8.72,3,97.48,1.7
16,143,204,23.71,91.53,5.63,121.9,apple,27.3,2,9.43,1.66,422.44,2.84,4,13.97,16.63,98.52,2,35,1,75.12,2.26
19,122,202,23.34,90.38,5.81,112.9,apple,24.97,2,9.69,6.28,351.97,3.27,6,7.84,1.08,117.47,3,34.85,3,52.01,2.87
10,125,196,22.31,90.04,5.73,113.07,apple,25.15,2,8.39,5.14,350.91,3.5,2,12.03,7.56,126.31,2,49.16,3,54.34,1.25
20,139,202,23.5,92.21,5.67,107.99,apple,22.18,2,11.04,15.23,390.06,1.11,3,5.72,62.81,72.08,3,37.51,2,25.93,2.63
28,123,198,23.46,91.46,5.68,111.78,apple,29.46,1,9.7,11.51,441.39,7.07,3,6.08,14.81,149.66,3,43.25,3,66.94,3.7
28,136,200,23.06,92.4,6.25,114.74,apple,25.88,1,7.75,10.49,394.01,5.84,1,14.21,8.07,151.22,3,17.44,1,92.43,3.96
2,131,199,22.47,91.23,6.02,124.22,apple,22.82,2,5.2,19.71,425.29,4.54,5,8.76,65.2,115.48,2,36.89,2,31.7,3.5
2,140,197,22.7,92.82,5.53,105.05,apple,16.89,1,11.23,7.85,423.63,1.1,6,14.88,61.81,111.24,1,7.59,2,71.35,4.98
27,138,201,23.67,93.9,5.95,105.4,apple,18.3,1,11.47,12.89,438.12,6.88,5,12.99,95.24,89.36,2,14.62,1,68.94,2.69
30,127,204,22.5,92.46,6.13,100.93,apple,28.47,2,9.91,14.41,358.68,3.75,3,16.05,72.24,144.64,1,45.03,2,42.98,4.6
32,145,203,23.83,90.84,6.41,109.6,apple,27.44,2,7.69,14.46,379.98,6.67,3,6.1,54.46,189.37,2,20.34,3,48.66,1.57
29,139,205,23.64,93.74,6.16,116.69,apple,23.8,2,11.06,2.37,402.92,3.55,6,19.7,56.91,89.08,1,42.6,1,0.9,1.58
26,126,195,21.41,92.99,5.88,118.4,apple,26.75,1,10.23,10.59,383.93,4.25,2,12.4,27.86,180.33,3,0.78,3,31.38,1.01
40,136,202,22.85,94.58,5.94,117.53,apple,28.12,3,6.73,11.36,359.23,6.06,1,10.6,63.32,118.98,2,17.44,2,94.33,3.96
6,124,200,22.98,93.85,5.97,109.59,apple,13.76,2,11.98,17.67,351.31,5.41,4,12.53,23.76,135.88,2,45.56,2,87.59,1.33
35,138,200,21.2,90.81,5.67,103.68,apple,29.81,3,11.59,7.67,431.81,4.31,2,10.61,90.22,160.51,1,49.35,3,21.84,1.26
17,136,196,23.87,90.5,5.88,103.05,apple,30,3,11.25,18.49,409.74,7,3,19.41,40.32,64.11,2,41.32,2,89.49,4.81
33,134,205,21.04,94.34,6.09,114.74,apple,25.26,3,8.82,6.32,385.99,8.42,4,13.8,5.63,195.03,1,45.82,3,1.92,2.67
16,143,197,22.62,93.52,5.9,116.93,apple,19.02,2,5.96,8.55,406.87,3.2,4,12.96,47.46,162.18,1,41.68,2,13.42,4.76
27,120,200,21.45,90.75,6.11,116.7,apple,14.43,3,10.19,1.43,401.31,4.97,6,19.69,64.36,95.32,3,22.72,3,22.12,3.47
29,145,205,22.81,92.13,6.21,109.34,apple,25.84,3,7.31,1.66,447.48,7.29,6,17.88,89.64,86.89,3,24.3,1,99.13,4.11
3,141,197,21.98,91.13,6.14,115.48,apple,27.12,1,9.62,18.65,412.58,8.14,1,6.2,14.77,168.41,3,42.25,3,9.4,1.15
15,123,204,22.53,92.55,6.37,115.38,apple,18.91,2,11.66,15.91,398.9,6.46,1,18.79,48.54,98.18,1,8.45,1,92.38,2.26
5,136,195,22.36,91.92,6.26,107.77,apple,20.42,1,9.77,12.74,378.76,7.93,4,11.85,60.14,110.1,1,48.32,1,35.83,4.99
10,136,204,21.2,92.16,6.28,105.86,apple,21.17,3,11.52,2.77,352.65,8.04,6,6.66,6.15,80.13,1,20.07,1,26.1,3.16
7,141,195,23.88,93.45,5.51,104.91,apple,29.61,3,5.64,13.55,400.25,8.25,6,19.45,5.46,81.91,1,42.72,1,77.02,1.31
2,129,201,22.78,94.37,5.68,122.14,apple,18.11,3,6.87,1.04,378.93,4.47,3,12.95,64.69,80.76,1,2.2,1,16.34,4.86
29,138,197,22.19,92.44,5.83,121.66,apple,28.87,2,9.15,1.79,439.34,7.25,1,12.04,15.19,137.06,1,32.79,2,0.47,2.87
30,137,200,22.91,90.7,5.6,118.6,apple,15.87,3,7.41,6.69,372.71,7.06,4,7.24,2.53,181.41,2,21.15,1,33.66,2.51
29,132,204,23.09,90.23,6.1,108.22,apple,19.44,1,8.69,11.19,412.25,5.9,5,8.14,4.06,161.22,3,36.31,2,43.5,3.18
14,139,197,21.72,92.84,6.06,121.7,apple,15.74,1,11.35,4,402.97,1.66,1,11.59,99.6,171.33,2,35.17,2,24.48,2.64
18,125,203,22.44,91.59,6.16,102.56,apple,26.03,3,5.54,3.08,392.21,4.05,2,6.1,47.66,185.21,3,37.8,1,13.41,1.77
33,143,204,21.13,91.96,5.81,122.54,apple,17.59,3,8.65,19.55,350.73,4.95,3,8.89,42.44,172.31,1,9.13,2,79.2,3.18
40,144,196,22.72,92.25,5.99,107.03,apple,24.43,1,10.73,1.4,420.05,1.39,5,8.13,61.96,97.51,1,46.91,3,31.36,3.61
9,143,197,23.75,92.88,5.57,117.66,apple,24.74,2,5.94,2.8,369.22,5.99,2,15.44,92.75,116.19,1,28.58,3,42.03,3.28
38,135,203,23.76,93.66,5.97,100.83,apple,24.26,1,8.65,8.46,415.69,3.46,5,11.35,8.52,147.28,3,3.43,3,85.43,1.89
28,130,196,22.13,94.68,6.06,112.92,apple,29.69,3,6.86,6.11,434.44,1.73,4,7.12,3.79,164.36,1,23.36,1,74,4.83
35,142,203,21.17,90.24,5.9,123.65,apple,14.06,3,10.03,19.78,366.41,1.45,4,12.19,25.6,57.5,1,48.57,1,62.21,1.55
12,129,205,22.36,91.16,6.12,118.68,apple,20.85,2,7.59,16.25,388.29,1.2,3,16.85,80.6,91.28,2,1.24,2,83.02,4.1
1,135,203,22.78,92.7,5.62,113.78,apple,27.17,3,11.76,2.31,405.35,5.39,2,7.3,89.33,59.06,1,5.46,3,85.73,3.58
0,145,205,21.23,90.1,5.52,113.98,apple,22.33,3,5.55,4.41,448.3,4.91,5,9.08,40.41,136.85,1,40.82,3,78.53,2.11
31,121,201,23.16,90.34,5.73,110.71,apple,14.99,1,7.53,9.38,352.94,2.23,1,15.51,10.99,188.63,1,28.42,2,93.32,2.91
35,131,203,22.43,93.92,5.89,102.72,apple,28.46,1,6.91,5.15,399.98,2.29,3,17.1,60.31,179.52,1,21.8,2,64.08,2.55
29,140,195,23.64,90.95,5.56,116.74,apple,20.65,2,7.62,4.37,396.67,1.98,2,6.05,64.18,182.85,1,36.03,3,65.01,1.7
33,138,198,22.29,90.69,6.22,122.74,apple,18.51,1,7.63,3.46,411.54,5.9,4,9.11,25.18,198.34,2,28.03,2,2.47,3.5
14,140,197,23.35,90.9,6.07,113.04,apple,18.59,3,9.45,12.79,389.37,3.78,4,7.79,56.26,112.81,2,7.49,3,47.38,1.01
35,145,195,22.04,94.58,6.23,110.98,apple,27.06,2,10.31,1.9,417.24,6.5,3,14.75,33.73,166.4,3,20.63,1,70.45,3.37
40,120,197,23.81,92.49,5.89,119.63,apple,14.3,3,8.04,18.77,353.21,5.7,6,8.45,95.84,119.65,2,49.35,1,7.62,2.44
25,132,198,22.32,90.85,5.73,100.12,apple,26.72,2,5.24,9.03,385.46,1.22,3,6.57,66.66,95.92,3,1.31,1,69.36,4.04
31,137,196,22.14,93.83,6.4,120.63,apple,10.62,1,11.97,4.88,436.2,8.21,6,10.91,60.9,61.13,3,32.6,2,50.75,1.31
36,144,196,23.65,94.51,6.5,115.36,apple,28.39,1,6.5,17.3,401.52,7.67,3,14.27,51.54,65.02,1,35.73,2,40.39,4.47
10,140,197,22.17,90.27,6.23,124.47,apple,21.83,3,8.4,7.42,428.58,1.76,2,15.77,94.45,169.18,2,31.16,2,92.56,3.81
22,30,12,15.78,92.51,6.35,119.04,orange,17.72,3,11.35,5.47,443.18,1.31,5,12.69,40.53,190.43,3,27.92,3,88.38,3.63
37,6,13,26.03,91.51,7.51,101.28,orange,10.45,3,11.21,2.05,414.78,3.41,6,9.41,72.02,106.38,3,48.86,1,96.18,1.15
27,13,6,13.36,91.36,7.34,111.23,orange,28.67,3,6.16,12.74,380.03,4.86,5,15.89,43.4,193.4,2,34.13,2,8.15,3.79
7,16,9,18.88,92.04,7.81,114.67,orange,13.87,2,10.8,14.03,372.56,7.68,5,10.53,39,170.59,2,24.21,3,58.09,2.58
20,7,9,29.48,91.58,7.13,111.17,orange,19.96,3,9.64,12.62,417.77,8.16,2,15.09,40.26,81.96,2,3.08,2,37.83,2.15
26,27,10,28.07,92.91,6.08,114.13,orange,26.91,3,11.86,1.69,397.72,4.7,4,15.07,15.74,165.87,1,47.8,3,56,1.9
5,23,15,25.67,92.05,7.41,112.54,orange,16.12,3,7.86,17.59,428.69,8.13,2,12.54,16.86,79.03,3,49.19,2,75.98,1.31
0,18,14,29.77,92.01,7.21,114.42,orange,20.89,1,6.47,6.5,383.59,1.14,5,7.01,38.27,150.29,1,15.34,2,87.39,4.74
39,24,14,30.55,90.9,7.19,106.07,orange,17.16,3,5.96,1.02,446.67,3.15,5,7.99,80.48,186.85,1,44.34,2,88.68,3.18
13,23,6,23.96,90.26,7.37,102.7,orange,19.91,2,7.68,19.33,375.24,6.35,6,13.91,15.16,92.47,2,4.97,2,57.45,1.34
21,17,15,23.98,91.55,7.46,118.49,orange,15.99,2,11.44,1.16,396.23,5.22,5,18.15,32.71,110.31,3,14.87,2,35.95,4.83
33,12,8,25.26,90.31,6.82,117.37,orange,26.23,3,8.35,4.09,438.08,3.09,6,11.13,42.19,179.4,2,14.42,3,94.81,1.7
6,9,12,31.08,90.14,7.03,109.69,orange,22.94,1,9.54,16.24,424.45,8.44,3,5.73,73.32,103.3,1,24.66,1,55.35,2.57
19,7,10,14.78,91.22,6.12,100.2,orange,13.18,2,7.86,0.88,355.1,4.78,2,11.17,32.92,184.39,2,12.81,1,77.07,4.87
24,18,6,26.57,94.45,6.29,116.38,orange,17.8,1,6.19,3.23,359.88,1.64,5,19.33,14.5,191.44,3,38.43,2,40.05,1.68
9,11,8,24.86,94.39,6.56,111.78,orange,18.57,1,11.97,10.95,356.12,4.81,5,15.6,59.35,109.95,3,21.61,3,25.51,3.33
31,8,7,34.51,93.64,7.16,103.57,orange,29.39,2,8.24,3.3,438.34,3.94,6,10.46,80.07,185.79,3,49.62,2,85.74,2.75
22,17,5,24.12,90.72,6.95,102.84,orange,11.32,1,8.97,4.52,382.76,1.09,1,18.59,90.83,57.47,3,24.54,1,7.5,1.57
13,5,8,23.85,90.11,7.47,103.92,orange,14.46,2,8.96,3.8,427.6,3.79,2,13.14,23.94,82.01,2,1.82,2,54.89,4.19
16,8,9,24.6,91.28,7.6,111.29,orange,19.16,1,11.64,5.4,420.27,3.1,1,11.9,3.8,108.78,2,10.86,1,95.23,3.61
4,13,6,15.63,94.26,7.56,101.47,orange,11.84,2,10.18,7.63,397.49,2.9,1,6.26,0.94,126.99,2,19.16,2,78.01,2.5
0,25,14,19.34,91.98,6.36,116.45,orange,14.18,2,7.89,9.16,423.67,6.5,2,19.64,6.04,93.68,1,27.62,3,74.4,2.07
8,7,10,28.26,91.98,6.93,105.21,orange,22.9,2,9.55,7.88,431.45,4.96,5,16.93,95.27,102.41,2,12.14,2,49.04,4.04
4,23,5,22.68,93.36,7.48,110.33,orange,19.8,3,8.24,0.4,363.54,3.16,6,16.59,3.42,124.79,2,38.19,2,28.56,2.82
33,14,8,21.03,92.96,7.68,110.68,orange,23.9,2,7.91,13.04,433.69,2.45,1,15.78,56.61,163.75,3,21.22,1,4.12,2.23
30,7,15,33.23,91.06,7.83,115.77,orange,21.34,1,5.63,16.23,421.9,6.43,6,17.8,52.04,177.46,2,19.57,3,88.86,1.86
21,29,12,22.3,92.16,6.44,117.37,orange,24.07,2,10.02,7.13,428.02,1.26,5,13.38,14.59,106.14,3,19.59,1,85.3,4.49
11,14,5,11.5,94.89,6.95,115.57,orange,29.7,2,7.24,7.98,374.52,9.01,1,15.19,45.77,75.2,3,31.55,3,99.2,1.93
9,8,15,14.34,94.36,7.99,110.22,orange,21.18,2,7.44,19.8,367.25,4.49,1,8.64,80.11,100.96,3,17.4,3,24.25,1.84
5,18,14,33.11,93.48,7.43,119.17,orange,15.54,1,10.74,4.42,366.38,1.81,3,6.2,40.16,147.11,3,35.38,3,72.01,3.83
29,25,14,30.49,90.46,7.78,113.33,orange,15.54,1,11.39,2.7,363.73,5.28,4,15.76,83.87,176.26,3,2.91,3,94.02,4.83
33,12,15,30.26,92.03,6.05,116.72,orange,25.18,2,8.84,7.1,393.22,6.29,3,16.93,71.83,50.58,2,34.76,1,52.72,3.6
8,16,6,12.23,90.26,7.11,108.42,orange,25.07,1,6.67,17.88,405.57,3.26,1,18.56,33.19,187.11,2,17.57,1,98.4,3.85
15,14,8,10.01,90.22,6.22,119.39,orange,19.21,1,10.91,9.26,445.85,5.78,3,11.29,0.8,183.64,3,25.78,1,42.83,3.35
16,7,8,22.79,90.61,6.42,116.51,orange,24.6,1,9.58,5.33,363.93,4.53,2,18.37,37.42,136.84,3,15.22,3,10.86,1.12
0,12,7,20.18,90.65,6.97,116.81,orange,26.91,3,10.56,14.57,398.78,4.47,5,16.03,22.69,96.95,1,23.47,2,74.25,2.03
5,25,6,30.72,94.01,6.01,106.81,orange,22.79,3,9.75,6.32,424.73,7.34,6,6.3,95.36,125.19,3,26.81,1,47.34,1.77
6,8,11,24.36,92.4,6.6,119.69,orange,28.7,2,11.48,18.67,446.43,6.32,2,16.13,29.28,89.34,1,1.6,3,44.28,2.84
10,5,5,21.21,91.35,7.82,112.98,orange,29.42,2,8.86,11.42,418.11,8.88,5,14.95,66.84,147.04,1,13.97,1,12.86,2.26
1,17,6,10.79,91.38,6.82,117.53,orange,19.72,1,11.48,2.27,409.71,8.6,4,16.28,65.46,92.1,3,19.52,2,31.95,3.63
1,30,10,11.9,91.35,7.29,103.58,orange,15.36,3,8.71,6.43,353.91,6.47,5,14.06,3.4,114.43,3,0.14,2,64.81,2.97
0,23,15,22.57,93.37,7.6,109.86,orange,18.27,2,6.74,1.57,414.6,6.49,3,6.92,13.68,70.99,3,29.19,3,9.72,2.66
24,27,9,18.87,93.25,6.16,119.39,orange,11.21,2,7.7,1.31,368.01,1.23,3,6.7,30.19,185.38,3,46.94,2,33.87,1.52
36,11,13,17.34,93.05,7.19,112.72,orange,15.44,3,11.8,13.78,387.82,2.58,6,15.73,96.02,75.79,3,3.45,3,72.48,4.96
40,21,8,34.91,92.88,7.42,102.19,orange,25.41,3,7.21,17.79,408.67,9.04,1,14.63,83.33,89.25,3,48.81,3,26.99,3.05
40,22,6,24.54,91.91,6.49,115.98,orange,17.07,3,6.26,14.8,440.68,1.65,3,9.61,16.65,143.83,1,17.67,3,45.84,1.34
32,18,13,13.84,91.75,6.04,107.99,orange,16.88,2,9.36,17.4,419.73,1.64,1,7.58,34.45,157.63,3,38.81,1,68.42,2.46
9,10,10,22.36,93.52,6.01,101.52,orange,28.4,2,10.65,8.69,416.14,9.04,5,16.65,14.43,138.28,3,25.18,2,60.32,2.37
13,16,8,34.74,93.12,6.95,100.2,orange,28.58,1,11.71,5.72,415.1,9.11,6,5.88,42.45,91.58,1,36.19,2,15.61,3.41
15,9,11,11.55,94.15,7.91,108.83,orange,17.12,1,11.97,6.85,404.44,1.13,6,10.28,78.49,107.88,2,16.5,2,70.68,3.84
29,11,5,23.13,91.95,7.64,104.42,orange,20.87,2,7.62,5.69,410.29,3.35,4,11.91,11.47,74.1,1,40.78,2,43.3,1.61
1,15,9,29.98,94.55,7.53,115.36,orange,15.53,1,11.11,10.15,435.81,3.31,4,6.06,7.85,89.48,1,26.57,1,81.84,4.46
18,5,11,20.88,90.94,6.25,102.46,orange,16.4,1,7.51,11.72,406.52,5.09,5,11.23,87.9,72.82,3,48.03,2,35.67,2.86
14,22,9,17.25,91.14,6.54,112.51,orange,18.83,2,11.77,1.49,442.64,3.67,3,9.26,35.09,191.59,3,43.89,1,29.25,1.81
33,15,7,15.83,91.68,7.65,109.76,orange,27.15,1,7.89,3.43,369.14,7.58,6,12.35,56.65,114.59,3,19.36,3,82.12,1.24
4,6,7,23.01,91.12,6.71,112.67,orange,18.56,3,10.99,19.87,435.13,9.32,4,17.98,56.64,66,3,14.47,3,88.46,2.32
17,16,14,16.4,92.18,6.63,102.94,orange,24.29,2,6.69,7.63,445.44,5.1,1,15.5,60.97,185.81,2,39.73,3,68.98,3.07
12,20,10,24.45,93.11,6.53,109.47,orange,12.91,3,5.65,3.71,395.6,5.09,3,12.19,92.57,52.07,1,43.46,1,7.69,4.1
34,29,8,31.88,91.15,6.45,105.34,orange,20.95,1,6.36,0.47,440.05,9.04,4,17.56,89.41,88.56,3,15.21,1,57.68,1.89
39,28,10,31.35,91.48,7.18,109.15,orange,11.42,1,8.17,16.03,383.49,5.06,1,6.93,92.07,62.14,2,4.23,3,99.67,2.44
31,25,12,18.05,90.04,7.02,111.78,orange,11.17,1,8.95,9.45,434.99,8.98,6,9.18,33.95,166.24,3,46.91,2,1.85,2.43
12,6,8,30.85,92.87,6.39,107.41,orange,12.74,2,9.34,7.3,438.11,6.99,2,17.54,51.36,194.58,2,17.42,1,76.82,4.21
12,29,13,22.46,91.53,7.57,118.01,orange,23.11,3,8.5,15.7,375.78,9.01,3,14.21,48.94,117.53,1,6.98,1,16.17,1.37
26,11,11,13.7,90.96,7.61,106.29,orange,20.55,2,6.44,4.15,367.2,7.46,6,7.14,50.36,132.57,1,34.72,3,96.09,1.83
19,24,15,20.49,93.72,7.14,111.84,orange,16.5,3,8.66,17.63,386.49,9.23,1,8.69,76.68,145.51,3,28.56,3,92.81,3.01
39,21,9,13.21,94.03,6.35,106.27,orange,22.39,2,11.75,11.6,418.88,6.26,4,18.98,96.35,53.52,2,22.6,2,43.55,1.59
16,29,13,32.32,93.68,6.2,117.62,orange,25.09,2,6.49,19.61,410.65,1.25,4,8.49,87.36,150.3,3,35.5,1,16.35,4.4
36,29,13,20.68,90.92,7.83,109.75,orange,22.45,2,10.09,15.35,387.25,5.78,5,9.74,26,154.41,2,14.05,3,56.71,4.6
37,23,12,31.53,90.51,6.4,113.12,orange,25.43,1,8.98,16.16,354.88,8.41,2,14.13,89.86,65.04,3,48.55,3,54.3,2.51
39,9,15,25.35,91.81,7.99,116.76,orange,13.45,1,8.8,7.83,441.6,8.17,1,19.91,53.43,89.49,1,20.32,1,55.91,2.58
31,5,14,17.67,91.7,6.58,110.69,orange,24.63,2,8.93,4.72,444.73,5.95,4,6.6,41,113.39,1,18.55,1,6.84,1.36
18,12,8,12.59,91.82,6.21,119.39,orange,27.15,1,6.76,10.24,424.19,1.05,6,7.43,72.92,55.32,1,21.01,2,83.11,4.01
20,20,10,11.87,93.68,6.98,106.06,orange,12.66,2,6.66,7.53,430.4,6.45,5,14.72,35.62,88.93,2,0.25,1,89.67,1.57
5,8,5,11.03,92.23,6.56,112.77,orange,14.72,1,11.19,11.23,358.55,6.57,4,8.71,49.14,152.74,2,21.41,3,75.71,2.8
20,8,12,25.3,94.96,7.26,117.97,orange,16.21,1,8.37,15.86,401.96,1.14,1,6.54,93.07,162.02,3,36.57,1,95.99,3.07
25,21,11,32.24,90.15,6.46,104.71,orange,22.93,3,5,13.12,410.12,5.87,2,14.59,98.32,112.8,3,29.62,2,75.58,4.84
14,19,14,17.68,94.36,6.7,108.06,orange,21.56,3,6.01,12.73,354.62,9,1,9.71,43.93,59,2,42.22,3,17.9,3.42
37,18,12,10.27,90.19,7.4,106.7,orange,25.89,1,10.36,12.39,377.67,5.48,4,10.68,19.35,188.6,2,15.17,1,77.33,2.02
26,15,6,17.22,94.79,6.91,108.01,orange,11.86,2,10.73,0.84,360.17,7.67,6,5.71,71.64,87.6,2,1.48,2,2.53,3.59
13,22,5,19.67,90.5,7.76,100.17,orange,10.36,1,11.75,13.27,397.23,3.68,2,15.3,2.21,136.53,2,22.71,2,52.41,2.62
32,25,9,10.36,93.76,7.8,101.15,orange,23.61,1,10.9,15.54,355.06,4.7,6,6.47,52.77,124.68,1,30.93,1,99.54,1.77
19,7,9,27.26,91.71,6.97,101.14,orange,16.43,2,10.76,13.98,375.4,5.34,4,7.13,73.85,102.54,2,49.59,1,11.41,4.64
28,7,9,34.59,92.13,6.73,115.57,orange,24.74,2,10.05,17.89,376.59,6.55,4,16.8,30.89,101.21,2,19.07,2,14.49,2.1
24,30,11,32.4,94.52,6.6,113.25,orange,21.53,3,8,4.2,424.07,9.06,1,18.93,34.14,120.89,2,29.29,2,22.89,2.06
7,17,10,10.16,91.22,6.47,106.36,orange,20.63,1,5.58,1.32,428.73,8.36,6,14.31,49.25,93.66,2,38.66,3,2.85,3.07
18,23,8,21.49,93.44,6.41,101.48,orange,25.32,3,11.18,19.13,446.62,6.43,6,8.65,13.42,117.68,3,2.61,1,45.82,1.26
7,20,12,16.53,94.77,6.48,110.04,orange,28.58,2,9.86,1.73,355.33,4.61,2,12.64,85.09,169.57,3,35.08,2,1.04,4.04
20,23,11,31.85,90.12,6.41,109.95,orange,20.02,3,6.87,18.67,409.48,3.12,4,15.21,57.33,182.27,3,14.55,3,37.82,4.97
18,14,11,28.05,90.01,6.55,117.13,orange,22.87,2,8.59,7.92,387.85,7.78,2,7.11,64.62,92.14,1,39.65,2,26.65,2.95
34,11,10,31.75,94.6,7.36,115.2,orange,14.25,3,8.96,7.57,383.46,8.74,5,13.62,74.61,168.5,1,12.18,2,43.17,3.26
20,29,10,29.07,93.27,7.37,100.79,orange,25.54,3,8.33,1.31,434.47,9.01,4,7.84,87.46,166.04,2,20.17,1,19.78,1.27
37,24,13,19.14,90.71,7.85,108.02,orange,23.6,3,7.33,16.29,400.2,8.49,6,10.08,43.55,79.45,2,25.57,3,54.93,4.37
12,8,10,16.15,91.44,8,107.43,orange,16.89,1,11.45,3.04,440.68,6.38,3,18.38,51.71,191.84,1,44.6,2,16.78,2.97
34,10,14,34.05,92.06,6.73,116.8,orange,17.51,3,9.11,8.45,358.28,8.04,3,17.14,46.77,170.98,2,22.36,3,80.95,1.26
6,13,9,34.51,90.56,7.79,118.33,orange,19.16,2,6.82,8.84,362.11,7.53,4,5.62,80.19,171.42,3,38.14,1,16.2,1.24
27,30,5,32.72,90.55,7.66,113.33,orange,11.77,1,6.97,11.32,359.41,9.72,4,16.32,9.9,166.72,2,37.61,3,75.32,1.61
13,8,12,25.16,92.55,7.11,114.31,orange,27.86,1,9.98,17.83,374.38,6.87,6,9.36,62.68,180.47,3,9.7,3,33.69,1.65
6,7,7,27.68,94.47,7.2,114,orange,25.61,2,6.97,12.13,357.65,1.42,1,15.42,3.98,152.36,1,16.02,3,72.56,1.96
40,17,15,21.35,90.95,7.87,107.09,orange,21.39,1,8.71,4.52,410.65,1.22,4,9.36,43.87,175.71,2,30.45,1,23,2.15
31,26,9,11.7,93.26,7.57,103.2,orange,15.94,3,5.68,16.38,387.19,5.42,4,11.64,71.44,193.83,1,9.23,1,12.43,1.67
61,68,50,35.21,91.5,6.79,243.07,papaya,26.91,1,8.09,2.07,446.93,3.92,3,5.09,86.11,66.75,2,14.94,3,57.96,3.2
58,46,45,42.39,90.79,6.58,88.47,papaya,24.63,1,9.84,18.19,363.06,3.31,4,6.49,68.01,50.59,1,32.9,3,11.8,1.9
45,47,55,38.42,91.14,6.75,119.27,papaya,17.69,3,11.18,6.57,407.1,4.8,1,10.18,0.87,125.27,2,43.06,1,63.34,3.47
39,65,53,35.33,92.12,6.56,235.61,papaya,16.72,2,11.15,10.82,351.51,6.07,4,6.6,57.02,152.79,1,20.57,1,61.28,4.52
31,68,45,42.92,90.08,6.94,196.24,papaya,15.8,2,6.03,14.08,400.5,8.99,3,17.86,48.91,69.1,1,11.88,1,87.65,1.7
70,68,45,33.84,92.85,6.99,203.4,papaya,28.51,2,9.54,9.22,434.09,5.25,2,17.6,32.77,154.33,3,21.55,2,58.58,2.19
68,62,50,33.2,92.76,6.98,197.53,papaya,23.13,3,5.21,2.72,351.44,7.86,6,12.41,69.51,108.5,1,11.74,3,61.05,2.4
34,65,47,23.49,93.71,6.83,191.78,papaya,24.36,3,5.04,0.95,357.86,4.44,3,5.41,96,59.53,1,32.62,1,50.82,1.76
38,68,54,29.34,90.82,6.74,202.06,papaya,20.58,1,6.83,18.15,440.7,7.41,2,10.07,23.11,107.33,2,14.37,1,76.35,3.38
69,64,47,40.21,94.51,6.99,186.68,papaya,16,1,7.32,17.27,405.37,2.96,2,17.28,63.23,78.35,1,37.7,1,15.31,3.09
58,51,47,42.13,91.7,6.76,197.4,papaya,29.97,1,8.09,19.33,427.65,1.74,3,5.46,54.96,124.12,1,24.03,1,5.16,4.9
59,47,53,32.86,91.46,6.85,47.27,papaya,26.03,2,7.42,12.28,410.88,5.64,1,9.51,38.41,186.56,3,21.2,3,5.92,4.51
44,64,54,29.81,91.38,6.74,232.7,papaya,11.76,2,8.36,19.01,439.15,7.29,5,7.19,99.48,75.79,3,39.43,2,56.97,4.46
56,57,48,31.56,93.05,6.51,63.62,papaya,13.08,1,9.66,17.76,431.3,2.24,5,12.99,65.9,181.6,3,9.99,3,40.84,3.74
69,60,54,36.32,93.06,6.99,141.17,papaya,27.6,1,9.91,15.99,371.97,2.04,5,5.12,54.68,81.18,3,10.88,1,48.49,1.25
56,58,49,37.13,94.61,6.69,172.48,papaya,21.47,3,5.22,14.26,439.95,9.94,1,8.78,85.19,120.4,3,5.46,1,17.41,2.81
49,55,53,38.44,93.64,6.54,77.72,papaya,22.71,1,8.65,18.78,389.99,3.06,6,6.53,42.47,142.17,1,36.3,1,93.12,2.28
38,51,52,32.66,90.79,6.93,78.85,papaya,25.44,2,9.13,1.11,412.61,7.55,5,16.65,79.17,102.15,2,25.9,2,7.83,3.04
54,65,47,27.93,91.56,6.72,149.91,papaya,14.28,3,5.35,14.49,394.74,8.39,6,7.93,46.81,154.58,1,6.69,1,50.63,2.03
57,57,51,39.02,91.49,6.99,105.88,papaya,21.4,1,7.84,15.35,421.87,2.23,4,18.17,24.71,184.73,1,35.7,2,59.06,2.2
39,52,53,32.51,94.66,6.7,51.07,papaya,27.52,2,6.99,1.89,378.98,3.52,2,10.35,6.96,147.15,2,33.13,2,46.69,4.91
58,67,45,38.72,91.73,6.7,62.62,papaya,12.32,1,11.77,2.32,382.43,8.33,6,11.08,0.52,197.06,2,29.24,3,94.57,1.49
61,64,52,43.3,92.83,6.64,110.56,papaya,15.67,2,10.03,13.44,448.42,9.84,2,12.66,47.59,114.86,1,5.14,3,2.35,2.06
34,62,55,27.59,90.73,6.59,238.5,papaya,26.47,3,8.59,1.56,360.67,2.87,4,6.34,60.72,94.4,2,30.4,3,28.5,3.72
31,48,45,40.79,92.91,6.56,132.79,papaya,28.26,1,11.46,3.66,439.13,8.59,3,5.08,60.63,170.1,3,41.68,3,7.08,2.56
47,46,52,23.19,91.4,6.5,206.4,papaya,20.61,1,8.73,19.32,379.58,2.94,1,18.4,14.79,56.42,2,11.26,3,72.99,1.22
32,68,52,32.68,92.62,6.8,248.86,papaya,10.22,3,6.53,2.7,378.99,1.85,6,6.71,19.68,60.56,2,27.8,1,66.18,3.21
36,59,46,34.29,93.61,6.72,127.25,papaya,23.42,1,10.58,16.7,370.86,5.84,2,13.26,91.85,101.47,3,25.25,3,32.66,3.76
61,51,51,39.3,94.16,6.57,120.95,papaya,20.6,3,11.19,11.62,360.3,5.63,3,16.01,70.17,53.73,1,10.25,3,9,2.78
70,54,46,39.73,91.12,6.92,122.76,papaya,17.25,2,10.64,8.43,380.79,7.22,2,14.02,40.4,113.51,2,34.38,2,52.54,2.88
44,56,49,39.23,91.26,6.52,64.45,papaya,27.57,1,7.35,15.11,391.42,2.69,5,15.64,11.38,85.83,3,48.63,2,29.32,2.72
34,68,51,27.35,94.18,6.69,40.35,papaya,27.51,1,5.77,6.72,404.94,2.83,1,6.49,35,191.3,1,7.18,3,18.52,1.03
50,59,47,40.77,92.09,6.75,209.87,papaya,26.18,2,6.67,12.99,421.45,2.67,3,7.83,75.42,130,2,3.76,3,4.76,3.41
39,70,52,26.27,90.8,6.65,59.49,papaya,20.29,1,5.61,5.01,393.71,4.66,1,15.7,73.95,82.85,1,2.1,1,62.83,3.21
34,61,49,28.13,93.32,6.5,117.82,papaya,20.13,2,6.56,16.53,375.65,5.09,1,8.91,73.68,163.99,3,40.36,3,15.02,2.79
44,60,55,34.28,90.56,6.83,98.54,papaya,12.81,2,7.83,1.08,401.07,4.42,2,12.61,83.13,114.98,3,8.8,3,75.26,3.47
31,62,52,33.8,93.01,6.99,182.03,papaya,22.96,2,11.93,19.48,366.31,7.58,4,7.2,17.19,134.11,2,22.02,3,15.36,1.82
65,62,51,31.53,90.87,6.51,207.07,papaya,18.96,1,11.59,6.68,406.14,7.21,3,11.32,74.45,57.82,3,1.41,2,70.06,2.91
44,57,53,42.3,90.51,6.93,74.88,papaya,17.77,3,7.28,7.51,383.99,3.88,3,12.79,6.04,134.47,2,28.62,1,70.22,2.13
50,47,48,24.64,90.62,6.71,218.23,papaya,25.07,3,8.66,14.18,401.94,8.67,6,14.88,14.69,86.2,1,19.54,2,76.83,3.25
43,50,48,28.28,91.37,6.63,179.27,papaya,24.54,1,8.39,18.84,415.09,1.14,2,5.6,90.69,170.16,3,5.49,1,91.78,3.81
60,46,53,24.49,92.98,6.76,183.49,papaya,10.81,2,5.81,16.34,359.64,7.53,5,19.31,41.64,158.07,2,38.54,2,58.26,2.49
70,68,55,42.85,94.64,6.69,78.81,papaya,14.21,2,9.24,2.74,369.65,2.76,5,15.13,89.03,181.66,1,25.61,2,80.85,4
59,62,52,43.68,93.11,6.61,103.82,papaya,28.04,2,7.17,4.18,358.46,2.54,4,12.65,22.15,93.29,1,36.74,3,78.28,1.57
60,58,51,42.07,92.92,6.84,165.74,papaya,13.5,3,9.94,19.43,375.82,9.4,4,19.89,0.32,143.5,1,24.24,3,63.47,1.68
42,60,47,33.47,92.13,6.83,136.83,papaya,29.62,1,11.55,19.74,392.32,7.19,2,8.98,63.63,63.54,3,44.57,2,76.12,2.91
35,66,47,31.7,91.66,6.95,48.84,papaya,20.92,2,9.43,16.61,423.81,2.36,5,11.94,83.19,161.27,2,8.63,3,96.23,2.43
34,65,48,41.42,90.04,6.67,199.31,papaya,18.77,1,10.86,15.74,357.82,5.3,2,14.06,32.29,98.18,3,39.8,2,2.69,1.15
36,54,46,42.55,94.94,6.66,214.41,papaya,18.03,2,11.51,18.23,445.34,3.23,3,11.74,44.78,177.32,1,41.69,3,7.03,3.35
39,64,52,28.92,94.64,6.68,63.69,papaya,21.73,2,7.76,19.08,411.34,7.78,4,9.94,4.95,112.81,3,0.71,2,20.55,2.42
37,52,47,43.08,93.9,6.54,211.85,papaya,19.47,1,11.2,8.81,441.05,1.2,6,14.61,73.4,65.17,1,40.94,2,96.17,1.67
33,47,46,29.2,93.97,6.84,209.41,papaya,27.68,2,8.52,17.7,402.78,7.89,3,9.04,57.98,94,1,29.77,2,60.17,3.62
34,48,48,41.04,91.37,6.81,181.53,papaya,15.73,3,9.74,9.43,429.09,5.08,3,14.78,17.94,178.05,3,8.91,3,53.06,2.93
49,54,50,25.62,93.18,6.76,97.26,papaya,14.37,2,11.75,15.74,369.9,2.98,5,19.79,60.81,183,3,43.57,2,23.11,2.11
40,65,49,35.33,91.06,6.68,163.91,papaya,22.55,2,9.84,16.56,368.86,3.67,3,8.8,19.13,100.17,2,31.26,1,36.39,1.47
68,52,49,24.43,92.28,6.58,63.35,papaya,18.33,3,8.68,2.44,431.76,5.22,4,16.34,74.97,68.94,2,22.19,2,97.69,3.33
50,46,52,31.18,90.22,6.73,54.02,papaya,21.93,3,11.9,19.83,406.19,9.62,4,6.96,77.53,196.91,3,30.89,2,82.47,1.71
65,63,50,31.88,91.33,6.52,79.27,papaya,21.23,1,10.85,9.54,383.72,7.42,4,16.07,42.77,94.19,2,19.52,2,65.8,1.18
40,49,47,42.93,91.18,6.5,246.36,papaya,16.92,3,8.37,15.79,374.66,6.25,4,12.74,79.2,182.87,3,27.24,1,91.72,4.93
42,53,48,23.11,94.32,6.76,231.52,papaya,18,3,5.89,9.48,403.21,8.57,3,17.05,52.45,80.63,1,20.24,2,3.09,4.02
49,55,51,24.87,93.91,6.68,135.17,papaya,20.62,1,6.71,1.98,367.67,1.59,1,8.88,88.38,106.89,2,2.3,1,12.61,4.44
59,62,49,43.36,93.35,6.94,114.78,papaya,28.77,1,8.88,1.01,359.25,8.03,1,18.82,89.61,81.93,1,27.13,3,37.01,1.17
63,58,47,26.83,90.75,6.86,144.67,papaya,11.31,2,5.07,1.2,448.69,6.57,5,5.5,0.97,198.42,2,24.46,2,46.65,3.34
70,65,52,30.42,93.13,6.58,75.95,papaya,29.31,2,7.27,12.79,350.49,7.64,5,13.01,78.83,54.68,3,30.68,2,50.44,1.95
63,50,52,28.65,93.23,6.75,115.82,papaya,15.46,2,6.18,14.98,417.36,9.05,4,18.48,18.95,100.42,3,15.75,3,2.8,1.03
40,64,47,32.5,93.48,6.89,71.74,papaya,15.81,2,6.68,5.77,383.79,9.11,4,19.02,11.86,101.16,3,25.03,3,61.41,2.65
63,58,50,43.04,94.64,6.72,41.59,papaya,24.05,3,9.1,14.82,440.29,4.43,4,14.91,37.46,65.25,1,35.02,2,53.97,3.35
45,58,49,30.11,90.35,6.83,75.25,papaya,29.97,1,11.04,13.32,449.58,6.01,6,16.02,95.91,91.15,1,39.34,3,0.14,4.51
66,69,47,23.69,93.61,6.91,87.53,papaya,18.99,3,10.48,4.59,441.54,5.28,4,14.93,87.68,160.91,1,10.16,3,58.92,3.85
54,67,52,35.68,93.31,6.59,141.34,papaya,26.59,2,7.64,19.15,352.69,4.77,6,15.64,74.22,185.26,3,9.39,3,78.96,1.27
69,67,52,27.72,94.44,6.83,82.83,papaya,20.82,2,5.13,5.32,388.27,5.53,4,7.43,71.8,159.54,2,5.16,1,56.17,1.25
67,68,49,35.27,92.38,6.82,149.85,papaya,12.88,2,6.75,17.32,392.5,2.76,1,10.97,52.04,60.3,2,43.01,2,58.22,1.95
45,57,47,23.17,90.79,6.66,161.69,papaya,16.67,1,8.7,17.57,435.1,7.82,6,5.29,75.64,121.3,1,16.47,1,31.9,2.29
56,50,52,33.09,92.25,6.77,88.13,papaya,20.75,3,10.04,12.68,431.43,2.52,2,11.45,60.82,70.43,2,46.86,1,94.13,4.61
70,50,53,37.46,90.45,6.93,172.35,papaya,19.41,3,9.3,9,436.41,3.91,3,14.72,89.53,191.43,3,41.52,2,80.29,3.52
44,47,45,38.73,94.74,6.58,218.14,papaya,18.39,1,11.25,15.21,426.29,7.83,6,14.72,57.36,179.06,1,4.46,3,73.79,2.62
50,60,47,32.58,92.75,6.93,93.79,papaya,12.68,1,9.99,12.01,402.55,3.5,4,17.88,57.36,63.09,2,34.32,2,34.23,2.33
52,51,53,38.38,93.1,6.99,210.27,papaya,15.36,2,9.97,19.02,441.01,3.62,2,11.3,70.92,107.52,2,41.21,2,38.2,3.17
35,68,45,42.94,90.09,6.61,234.85,papaya,19.52,3,6.71,3.34,350.3,7.27,4,19.91,59.81,192.05,2,47.81,3,31.28,1.72
68,69,52,25.65,92.75,6.81,52.95,papaya,16.46,2,8.7,5.73,414.11,4.95,5,6.54,40.34,161.08,2,1.03,2,16.22,4.86
32,55,52,37.59,92,6.97,159.66,papaya,18.5,1,7.34,7.8,429.58,6.83,6,5.73,25.47,115.79,2,34.99,3,46.92,1.33
32,55,51,29.61,93.16,6.57,62.69,papaya,12.69,2,9.53,6.99,446.66,2.12,6,15.99,4.85,134.15,1,29.3,3,48.22,4.02
48,62,47,25.35,93.03,6.8,174.4,papaya,22.18,1,11.27,18.65,396.68,4.23,3,6.78,93.71,175.09,2,9.17,2,13.06,4.91
39,69,53,25.93,93.02,6.96,241.82,papaya,11.95,1,11.13,18.67,431.79,7.64,5,8.04,48.79,178.76,3,46.56,3,47.32,2.55
49,61,45,32.77,94.57,6.76,240.48,papaya,12.89,1,9.11,16,415.51,6.36,1,14.31,7.49,135.2,2,45.8,3,95.07,1.26
48,57,54,29.02,90.2,6.62,126.81,papaya,16.97,3,11.57,3.04,433.16,5.3,4,13.55,85.39,100.97,3,31.06,2,4.24,4.17
69,66,49,40,90.17,6.53,92.12,papaya,16.74,2,10.7,15.73,392.83,8.86,2,13.06,74.46,141.23,1,22.33,3,16.99,1.66
53,55,55,33.32,91.25,6.71,234.5,papaya,24.1,1,6.61,8.2,410.4,4.49,1,15.91,9.14,95.5,3,20.47,2,30.02,4.3
38,61,52,31.23,94.94,6.62,46.44,papaya,11.56,1,9.44,14.16,435.51,10,4,7.11,89.2,134.12,1,36.93,2,74.02,1.5
57,64,55,26.68,92.96,6.58,62.51,papaya,22.22,1,11.99,14.59,445.09,1.89,3,11.23,20.14,174.28,1,19.41,1,35.01,3.21
51,57,55,24.71,90.15,6.68,108.41,papaya,12.23,3,8.69,6.4,440.24,3.44,3,16.21,38.94,72.55,1,4.14,3,12.01,2.25
56,65,45,38.2,93.97,6.75,218.09,papaya,14.35,3,9.38,1.1,370.99,5.66,4,10.46,65.47,151.52,3,33.02,2,52.3,3.15
54,66,52,36.57,93.8,6.87,104.42,papaya,24.49,3,6.45,10.02,375.09,2.27,1,11.44,23.1,93.81,2,34.96,1,19.2,1.85
58,55,47,26.05,93.69,6.74,240.69,papaya,28.53,3,10.9,3.91,362.94,7.33,2,7.04,23.71,128.94,1,49.84,2,63.13,2.78
68,70,54,31.3,92.76,6.99,54.78,papaya,12.16,1,7.19,7.54,445.3,5.22,4,14.76,9.72,54.97,2,41.26,1,53.71,2.36
42,59,55,40.1,94.35,6.98,149.12,papaya,25.37,3,7.14,13.71,384.47,6.76,4,6.47,4.92,90.31,3,11.28,2,71.21,3
43,64,47,38.59,91.58,6.83,102.27,papaya,27.93,2,10.73,4.04,428.95,9.71,6,7.71,78.25,127.77,2,22.69,3,43.83,3.16
35,67,49,41.31,91.15,6.62,239.74,papaya,12.31,3,7.96,2.87,383.28,1.79,2,14.9,27.78,144.61,3,8.04,2,35.98,3.41
56,59,55,37.04,91.79,6.55,188.52,papaya,22.13,3,6.28,2.71,429.84,5.96,4,6.99,18.91,54.62,3,49.52,1,76.58,1.42
39,64,53,23.01,91.07,6.6,208.34,papaya,28.86,1,9.25,16.4,394.45,5.63,1,18.83,62.07,175.54,3,32.72,1,60.54,1.57
18,30,29,26.76,92.86,6.42,224.59,coconut,25.85,2,5.55,14.27,390.59,8.28,1,13.46,52.69,56.22,3,28.78,2,86.91,3.23
37,23,28,25.61,94.31,5.74,224.32,coconut,24.07,2,9.88,16.11,414.69,3.55,4,11.4,17.85,105.16,1,33.54,2,16.87,1.19
13,28,33,28.13,95.65,5.69,151.08,coconut,14.66,3,11.82,19.09,361.8,8.03,4,13.57,69.66,67.56,3,47.79,1,57.93,3.3
2,21,35,25.03,91.54,6.29,179.82,coconut,26.79,3,5.79,2.23,438.53,2.39,5,9.44,73.28,97.5,1,40.35,2,76.54,4.54
10,18,35,27.8,99.65,6.38,181.69,coconut,13.72,1,8.85,0.99,447.57,8.51,3,17.98,52.68,177.32,1,26.96,2,13.97,2.04
7,11,32,29.26,95.11,5.54,184.76,coconut,27.99,1,10.62,7.69,418.06,8.92,4,19.17,75.37,84.75,3,44.95,1,41.68,3.2
39,5,31,27.1,93.7,5.55,150.95,coconut,16.73,3,11.72,11.3,360.54,9.4,2,16.41,21.13,65.64,2,35.97,3,16.28,1.32
34,6,27,25.85,90.93,5.86,147.89,coconut,23.35,3,5.6,14.37,360.7,5.59,3,14.67,34.24,149.77,1,32.38,3,1.15,1.24
31,30,29,26.59,90.99,5.56,178.81,coconut,19.02,1,6.54,13.17,439.87,9.37,1,10.23,55.64,140.73,3,38.18,1,7.23,3.87
25,7,35,28.39,99.19,5.56,189.67,coconut,17.55,2,8.71,9.76,436.62,6.29,3,8.2,78.22,121.23,1,22.18,2,18,3.26
16,18,26,28.44,91.81,5.57,145.54,coconut,26.41,3,11.3,15.57,353.12,9.39,1,13.82,44.87,175.23,3,38.76,3,30.18,2.78
26,10,33,28.27,96.94,6.07,198.82,coconut,18.12,1,8.96,12.65,378.73,4.59,4,17.06,20.28,72.99,1,35.93,3,32.01,4.67
27,8,32,27.01,96.46,5.63,144.33,coconut,28.56,3,7.71,1.15,408.62,5.59,4,16.81,1.44,94.43,3,8.38,1,35.36,1.22
37,18,30,27.64,99.35,6.38,157.92,coconut,18.38,3,9.67,12.89,445.27,5.74,4,9.49,12.2,183.29,1,9.88,2,90.15,3.22
19,15,34,26.3,99.66,5.69,215.92,coconut,27.6,3,10.91,9.76,384.13,8.66,2,15.29,90.89,149.26,1,41.81,3,98.41,2.04
0,19,33,27.13,95.24,6.23,204.72,coconut,20.58,2,6.12,5.35,368.35,8.87,6,17.56,92.66,93.65,1,4.46,1,71.07,3.67
31,20,26,25.57,97.61,6.44,199.79,coconut,25.89,1,6.85,2.44,376.77,8.29,6,7.3,83.39,151.77,2,18.55,3,61.52,4.48
9,17,32,25.95,93.41,5.84,172.05,coconut,17.55,2,11.84,13.16,355.15,2.1,2,15.3,97.47,135.81,1,11.6,1,66.19,2.74
22,11,29,28.03,95.02,5.96,218.01,coconut,11.05,1,5.53,6.84,375.05,4.88,4,17.54,4.46,192.62,2,10.01,1,25.29,3.44
31,6,26,29.13,91.31,5.74,157.24,coconut,27.68,1,5.37,14.72,393.79,6.07,4,11.36,55.2,66.86,3,44.14,2,29.5,2.49
34,6,30,27.08,97,5.95,171.76,coconut,22.47,3,10.86,10.85,420.05,2.99,2,13.02,67.83,139.14,3,30.12,3,31.22,2.56
24,6,32,28.11,90.02,6.39,172.48,coconut,14,3,11.31,16.58,406.17,2.33,6,18.43,61.76,184.96,1,11.38,3,86.88,1.1
1,8,26,27.51,94.19,5.56,156.67,coconut,22.5,2,6.06,7.02,400.57,1.46,5,5.19,9.24,60.49,1,29.65,3,91.55,2.44
31,13,33,27.64,95.49,5.86,205.55,coconut,12.57,2,10.75,7.61,422.43,8.4,5,5.54,21.56,80.3,3,25.13,3,49.66,2.34
10,9,28,29.01,94.01,6.28,150.05,coconut,24.14,1,6.49,3.81,352.62,5.29,4,5,34.26,168.81,2,5.57,2,82.35,1.32
36,27,26,26.58,95.79,6.25,171.63,coconut,11.24,2,7.04,1.75,376.71,2.53,6,12.84,97.4,83.28,3,3.63,2,78.22,4.57
38,24,33,28.29,97,5.97,142.94,coconut,20.04,2,9.63,18.37,394.72,4.51,3,19.52,35.9,86.28,1,33.95,1,18.4,2.78
11,6,25,28.69,96.65,6.08,178.96,coconut,19.06,2,10.75,19.97,366.34,3.49,3,9.33,25.66,75.26,3,1.7,2,84.6,1.17
16,14,30,29.71,96.3,6.37,209.85,coconut,11.06,1,8.87,7.69,374.91,4.2,2,16.63,36.91,87.43,2,46.13,3,66.08,2.05
33,14,35,27.15,96.66,6.03,149.24,coconut,18.29,3,6.09,17.1,378.59,9.3,4,19.18,69.54,144.18,3,46.93,1,51.74,4.88
16,6,29,29.29,91.96,5.87,132.15,coconut,25.23,2,10.03,0.41,401.09,1.51,3,7.66,36.01,180.31,1,2.73,2,57.56,4.48
32,11,31,25.07,93.31,6.21,134.84,coconut,12.63,3,5.31,5.4,431.14,2.17,2,14.97,50.91,74.42,1,28.66,2,53.86,4.77
38,14,30,26.92,91.2,5.57,194.9,coconut,28.29,3,9.74,4.91,379.92,1.05,1,19.71,44.13,133.96,3,33.18,2,1.89,4.09
8,6,33,28.28,93.65,6.1,171.95,coconut,22.08,1,9.29,18.08,399.87,9.84,4,10.52,75.73,176.41,3,16.38,2,29.85,3.2
23,6,33,29.18,92.73,6.03,204.96,coconut,14.88,2,9.3,10.09,357.97,4.78,3,18.8,69.96,137.99,1,38.61,1,98.25,3.14
29,25,35,28.36,91.65,5.54,160.73,coconut,28,3,6.09,8.85,442.73,7.64,3,9.66,89.38,128.14,2,20.93,1,68.07,2.1
24,14,33,29.38,93.28,6.37,218.52,coconut,24.57,2,9.14,7.4,354.39,4.8,1,13.78,33.54,144.72,2,39.37,3,9.29,4.32
32,12,30,25.39,98.09,5.58,218.08,coconut,18.09,3,8.81,17.51,415,4.05,3,9.98,35.58,94.16,3,2.77,3,43.71,1.58
30,25,31,26.31,98.62,5.8,208.12,coconut,19.72,2,9.85,19.07,436.84,5,2,13.74,70.1,101.56,1,21.62,2,5.54,3.95
14,21,35,29.53,91.91,6.12,194.31,coconut,16.63,2,10.95,14.48,355.46,3.24,6,6.89,18.38,78.16,1,3.84,1,80.61,4.19
27,22,29,28.83,92.17,6,145.42,coconut,17.42,2,10.98,19.49,398.09,2.12,6,13.06,10.09,78.1,3,5.48,3,83.68,2.7
40,5,29,28.48,97.77,5.82,160.39,coconut,25.66,2,9.34,5.35,350,2.7,4,11.74,16.59,174.82,3,13.28,1,26.15,2.34
17,11,32,28.74,93.4,5.62,156.77,coconut,13.24,3,11.04,16.07,353.88,8.98,1,15.12,97.3,137.04,1,43.69,1,39.57,2.99
30,30,35,25.01,95.59,6,165.81,coconut,11.01,1,7.13,14.12,403.95,7.81,6,14.22,48.77,167.77,3,11.29,1,40.27,3.91
28,10,30,29.87,91.15,6.31,192.77,coconut,24.25,1,7.26,16.31,422.07,7.77,4,7.75,34.24,165.13,3,44.08,3,21.25,3.66
39,7,29,27.54,94.59,6.36,150.2,coconut,16.95,2,7.27,10.71,427.62,8.9,6,6.29,14.57,186.94,3,16.34,3,83.55,3.23
32,20,35,26.52,98.38,5.59,144.63,coconut,20.43,1,7.28,12.65,371.28,4.22,1,9.55,14.61,180.32,2,10.7,2,74.73,2.14
7,15,32,25.04,95.9,6.18,174.8,coconut,19.77,2,9.6,12.07,356.88,9.03,5,17.54,45.61,136.49,1,39.68,1,2.38,2.65
29,17,29,29.2,95.67,5.96,211.25,coconut,17.79,3,6.89,7.87,401.42,6.71,3,15.15,40.04,185.58,1,48.24,1,65.45,2.45
34,15,34,27.06,91.11,5.68,224.7,coconut,24.18,1,11.83,0.48,410.23,8.78,1,13.43,36.26,196.93,2,21.76,1,60.49,1.66
14,23,25,26.19,96.97,5.61,135.42,coconut,22.68,3,11.05,19.57,396.57,6.66,4,12.86,41.54,131.55,1,46.59,2,77.64,3.55
18,19,29,27.59,92.49,6.21,162.84,coconut,16.1,1,6.53,14.68,361.03,4.97,5,12.31,9.58,189.99,2,48.13,1,50.14,2.55
7,21,35,25.76,94.66,5.76,131.25,coconut,26.45,2,9.4,2.4,411.25,3.77,4,11.73,62.9,131.57,1,34.7,1,70.18,4.6
24,27,34,28.88,95.11,6.2,145.06,coconut,23.21,2,7.85,1.72,362.85,3.61,3,9.58,53.05,50.32,1,9.47,3,46.8,1.57
39,29,29,26.51,94.48,6.14,199.88,coconut,19.06,3,5.62,15.59,401.58,9.94,6,5.35,16.13,162.28,3,0.29,2,48.67,4.57
29,8,28,26.87,91.73,6.1,214.41,coconut,15.85,3,10.94,1.77,384.33,1.57,1,14.2,99.1,163.86,3,2.21,1,37.14,2.66
10,24,27,27.57,94.9,5.71,145.93,coconut,16.61,3,10.64,3.45,426.04,9.82,1,17.35,68.53,181.9,3,7.34,2,73.43,2.74
0,29,32,28.06,98.37,5.87,171.65,coconut,14.99,3,7.95,14.95,370.28,5,6,12.11,78.8,139.65,3,37.74,3,43.19,3.85
32,11,31,29.52,92.56,6.46,131.21,coconut,17.41,2,10.87,8.07,356.67,5.59,6,16.52,79.77,126.83,1,41.02,3,84.28,1.83
37,10,32,28.96,95.16,6.17,222.8,coconut,12.17,1,11.38,2.07,382.01,3.82,2,14.51,15.55,98.59,2,18.08,1,66.77,4.53
20,29,27,25.1,92.36,6.05,157.76,coconut,19.29,1,11.02,6,369.01,6.22,4,11.8,37.28,64.37,1,19.53,2,52.05,2.14
31,29,35,27.19,92.2,6.14,141.32,coconut,19.59,1,11.81,0.73,355.21,8.99,4,12.8,5.35,74.81,1,29.07,3,62.31,2.36
17,30,27,29.03,90.79,5.89,205.57,coconut,20.28,1,10.68,17.54,449.44,1.33,1,9.89,18.08,170.52,3,23.03,2,48.72,4.79
1,12,30,27.75,95.95,5.56,131.09,coconut,28.4,3,8.07,1.43,376.57,3.85,2,6.93,58.8,142.42,3,9.76,1,39.41,2.32
6,13,29,27.31,99.97,5.83,201.83,coconut,23.79,3,10.62,0.21,445.31,6.03,4,16.55,51.89,179.62,2,11.72,1,16.6,2.83
15,28,32,28.84,99.64,6.22,224.4,coconut,14.74,2,10.3,12.39,425.75,2.61,4,19.81,77.49,75.88,1,41.27,2,89.76,3.78
27,24,29,26.61,96.97,6.14,191.01,coconut,16.2,3,5.17,16.24,395.27,9.7,6,19.01,24.37,165.95,1,22.87,2,61.28,1.45
3,23,30,29.7,95.66,6.08,215.2,coconut,25.4,1,7.16,3.56,371.15,6.28,4,10.62,94.74,182.39,2,41.32,3,50.19,2.45
8,26,26,25.55,91.64,5.7,212.87,coconut,17.95,1,8.4,8.48,356.8,5.02,4,14.74,9.38,123.32,2,18.95,3,7.61,2.37
20,28,26,26.38,91.5,5.55,167.05,coconut,21.68,3,11.77,5.57,377.88,6.77,3,18.66,20.12,143.17,3,26.78,1,47.12,4.85
26,18,27,27.46,92.91,5.84,142.14,coconut,12.97,1,6.73,4.83,401.02,7.59,1,16.23,21.26,116.84,1,20.62,3,9.22,3.92
1,6,35,27.02,95.72,6.23,147.17,coconut,18.44,3,8.75,5.49,434.52,3.48,3,12.89,77.79,50.7,3,3.9,1,41.5,1.53
27,30,31,28.99,90.74,5.72,148.84,coconut,10.54,2,9.68,1.83,443.05,7.92,2,12.39,31.37,137.13,3,47.22,3,96.52,1.22
23,7,34,26.11,91.52,5.85,134.13,coconut,22.05,1,9.68,15.2,403.59,1.56,6,7.89,4.95,116.93,2,0.66,2,11.46,4.61
0,26,31,25.07,95.02,5.55,192.9,coconut,11.9,2,10.1,2.48,392.54,8.95,3,5.33,35.27,70.46,1,49.59,2,65.69,2.13
38,6,25,25.55,96.93,6.16,191.3,coconut,21.81,1,7.43,14.41,440.02,8.7,1,18.17,10.2,198.78,1,26.31,2,52.04,4.94
25,12,26,28.57,95.68,6.44,134.84,coconut,25.23,2,11.13,14.04,385.76,2.79,3,18.99,35.2,151.81,1,8.89,3,18.13,4.43
40,5,32,26.07,96.7,5.98,143.53,coconut,18.22,2,8.76,5.12,408.94,3.11,6,8.88,98.5,76.34,3,33.87,1,55.59,2.73
0,19,31,25.52,94.38,6.27,178.73,coconut,21.34,3,10.85,18.79,418.6,5.47,3,17.4,48.14,177.53,2,13.11,3,19.44,3.85
26,9,32,25.95,94.74,6.47,144.16,coconut,24.91,1,8.67,12.7,399.06,6.68,2,8.38,7.07,94.04,3,1.49,3,79.11,2.92
35,30,34,28.3,95.41,6.14,182.45,coconut,26.16,2,11.99,0.99,364,3.93,4,11.04,71.77,129.74,1,29.81,2,29.27,2.02
19,30,30,29.57,91.41,5.83,224.83,coconut,15.9,1,9.89,0.91,419.87,2.18,3,9.53,59.88,64.15,3,32.16,1,84.56,3.94
31,13,33,29.7,95.21,6.34,148.3,coconut,23.75,3,8.19,0.96,368.5,7.34,4,17.76,98.2,199.3,1,0.35,1,91.29,3.4
17,29,26,26.14,93.28,6.07,195.41,coconut,23.84,3,10.19,5.64,432.75,1.74,1,11.64,43.91,86.8,2,3.44,3,73.37,3.78
2,30,30,26,94.8,6.33,209.54,coconut,28.7,2,9.94,0.38,366.26,8.59,5,16.13,46.29,186.41,2,15.44,3,49.96,1.18
30,13,25,27.15,91.49,6.41,164.92,coconut,12.47,1,8.92,12.48,449.83,8.5,5,7.12,14.5,195.23,1,5.17,2,1.95,2.01
8,15,33,28.97,98.1,5.5,213.9,coconut,28.18,2,7.91,18.48,423.25,9.26,4,18.04,99.67,145.06,1,9.84,2,45.1,2.7
18,12,35,26.14,96.39,6.34,131.34,coconut,29.57,3,8.09,19.24,397.64,8.08,5,19.71,55.07,177.22,3,5.57,1,93.42,3.53
8,28,30,25.52,94.33,6.02,135.13,coconut,28.06,1,6.49,7.64,372.22,1.87,1,7.88,47.54,192.1,3,38.31,2,87.25,2.88
40,22,29,27.56,99.98,5.74,174.63,coconut,12.21,2,8.86,16.75,371.01,4.86,5,15.25,87.1,103.38,3,20.45,3,89.75,4.03
27,10,33,27.81,97.48,6.47,154.06,coconut,14.74,3,9.33,1.19,446.74,7.49,6,11.82,47.98,188.72,1,47.61,2,42.28,1.69
21,20,31,25.6,99.72,5.86,165.82,coconut,28.13,2,5.4,5.19,434.71,9.64,1,15.27,59.11,122.58,1,43.2,2,43.01,4.56
3,9,35,26.92,99.85,6.32,225.63,coconut,16.93,2,10.89,9.81,368.79,2.23,5,17.69,80.46,86.26,3,18.83,2,29.77,3.92
22,16,27,29.18,90.27,6.01,188.93,coconut,21.96,2,8.55,13.79,407.79,7.65,1,18.4,51.5,170.56,3,15.54,1,55.98,2.84
27,8,30,26.45,98.3,6.01,221.23,coconut,15.49,3,8.64,5.4,420.1,6.16,4,5.93,86.36,137.77,2,42.47,1,42.93,2.75
22,8,33,28.44,95.88,5.67,203.93,coconut,29.46,2,5.6,5.5,379.35,8.49,1,9.29,74.84,67.75,1,0.65,3,95.75,2.9
28,27,32,28.94,93,5.76,191.77,coconut,12.2,3,10.95,15.08,407.44,8.89,4,18.72,85.26,54.42,2,36.9,1,51.32,2.79
23,21,26,26.45,93.45,5.9,149.22,coconut,11.92,2,9.4,5.94,389.13,7.51,3,14.55,63.02,70.42,2,19.69,2,69.65,4.96
37,5,34,25.79,93.84,5.78,152.42,coconut,15.36,2,5.13,1.29,443.08,9.87,5,14.15,25.12,164.07,3,6.08,1,13.46,3.49
19,26,29,26.93,98.8,5.67,166.57,coconut,28.99,1,10.62,15.58,401.73,7.53,5,16.46,11.13,102.93,3,11.07,2,77.3,3.46
133,47,24,24.4,79.2,7.23,90.8,cotton,28.15,3,11.96,11.08,392.09,4.7,1,12.1,85.41,109.27,3,38.46,3,68.02,1.44
136,36,20,23.1,84.86,6.93,71.3,cotton,25.18,2,7.7,7.2,404.12,7.78,4,12.07,29.33,107.03,2,15.31,2,6.14,2.29
104,47,18,23.97,76.98,7.63,90.76,cotton,27.74,1,8.75,15.6,350.36,3.87,4,17.57,71.64,104.12,1,0.77,1,79.1,3.67
133,47,23,24.89,75.62,6.83,89.76,cotton,14.71,1,9.96,17.4,418.1,5.29,6,15.97,27.95,89.52,3,7.76,2,35.4,4.44
126,38,23,25.36,83.63,6.18,88.44,cotton,27.37,3,6.42,2.73,437.42,3.87,2,6.54,33.47,174.03,2,33.4,1,36.55,3.67
126,50,19,24.69,81.74,6.63,78.58,cotton,26.55,3,10.13,12.8,419.7,4.26,4,10.7,89.81,128.37,2,29.25,3,12.28,3.2
113,41,20,25,80.54,7.26,96.33,cotton,16.56,2,8.58,16.41,395.51,7.79,5,5.82,31.64,178.67,1,10.84,3,36.03,4.56
121,45,22,22.46,81.31,6.44,64.23,cotton,17.73,3,10.26,18.58,391.59,1.09,2,9.9,77.71,149.45,3,35.27,1,57.88,3.35
121,47,16,23.61,79.3,7.72,72.5,cotton,12.05,3,5.23,5.73,409.32,5.37,3,18.89,62.44,147.21,3,18.75,1,24.04,2.07
129,60,22,24.58,79.12,5.95,71.95,cotton,19.96,2,7.96,12.46,424.56,4.47,2,15.11,24.16,79.19,3,49.15,1,12.42,1.97
107,45,25,23.09,83.56,7.23,71.84,cotton,19.27,1,11.78,2.58,372.57,1.27,1,15.26,13.4,83.87,1,31.85,3,73.85,1.98
122,59,18,23.5,83.63,6.22,79.81,cotton,15.5,2,11.52,18.18,378.7,8.32,5,9.71,57.79,199.2,1,31.48,2,97.14,1.3
140,38,15,24.15,75.88,6.02,69.92,cotton,20.15,1,11.26,3.55,391.71,3.92,6,16.75,41.65,72.67,3,12.93,1,35.69,4.98
102,49,21,24.69,84.84,6.25,89.8,cotton,20.41,2,9.47,9.6,380.66,2.81,2,12.6,31.31,188.73,3,47.44,3,10.98,3.51
111,40,25,24.48,84.45,6.19,90.94,cotton,19.62,3,8.13,18.13,370.6,8.39,3,13.27,21.36,59.23,1,18.04,2,87.78,1.92
131,35,18,24.49,82.24,7.06,64.03,cotton,21.64,1,5.13,12.54,351.75,5.13,1,8.45,13.08,76.12,2,14.8,1,72,3.82
135,43,16,23.48,81.73,6.72,86.76,cotton,29.54,3,9.74,19.68,393.01,5.52,1,12.18,11.98,95.17,2,19.57,2,37.51,4.84
100,46,18,24.19,76.04,6.43,69.08,cotton,13.46,3,6.77,11.93,374.08,7.47,5,19.38,76.41,56.82,3,48.35,3,0.07,4.03
123,39,24,25.01,78.18,7.45,86.06,cotton,25.45,2,5.45,14.56,373.31,9.68,2,14.64,60.92,159.63,2,18.18,1,74,2.54
117,56,15,25.99,77.05,7.37,89.12,cotton,10.9,1,6.61,12.19,405.78,8.76,3,12.28,86.54,161.78,2,10.9,2,7.62,2.27
121,36,24,23.66,81.69,7.35,99.37,cotton,14.07,1,7.23,9.06,364.53,8.06,4,6.11,4.06,159.24,1,39.85,3,38.05,3.77
101,58,18,25.67,81.38,6.65,78.6,cotton,27.82,1,10.66,19.84,413.81,5.61,2,10.78,31.33,68.87,3,16.06,1,7.45,2.19
107,42,24,22.05,84.63,6.14,86.01,cotton,16.77,1,7.01,11.61,376.48,7.37,2,5.01,40.96,192.08,2,13.39,3,66.27,4.65
100,41,22,22.42,84.56,7.32,93.47,cotton,28.37,3,9.21,18.54,431.74,3.48,2,11.61,37.24,81.24,2,20.02,1,31.81,1.49
125,39,21,25.03,82.21,7.95,95.02,cotton,25.39,3,8.7,9.29,390.13,6.49,1,13.76,77.91,181.22,2,38.17,1,2.44,1.6
105,60,23,23.53,77.22,6.21,87.54,cotton,16.03,1,8.89,13.08,374.37,2.78,1,18.6,53.07,141.99,2,44.42,2,34.93,4.89
102,46,19,22.77,82.6,6.63,81.5,cotton,18.79,2,6.52,18.13,356.88,7.13,6,12.24,81.55,175.2,1,3.05,2,52.86,2.77
131,49,22,25.5,79.98,7.31,67.06,cotton,18.31,2,10.36,5.8,365.42,5.38,2,9.52,49.27,140.74,1,47.03,1,9.56,1.68
139,35,15,25.25,83.46,5.9,86.56,cotton,14.9,2,9.43,10.95,367.27,7.12,1,14.92,74.27,143.28,2,27.21,3,22.7,2.74
108,36,19,22.78,77.51,7.24,64.61,cotton,25.84,2,7.45,14.09,441.79,6.79,1,6.46,82.13,138.13,1,38.9,1,37.83,1.31
118,45,23,23.37,77.43,7.98,71.68,cotton,27.15,1,7.05,9.66,386.21,6.3,4,6.9,52.74,198.26,1,48.29,1,36.62,1.15
107,51,22,24.87,78.22,5.98,79.57,cotton,20.29,3,7.67,19.64,403.03,5.51,6,14.97,24.92,94.53,2,31.29,1,14.9,2.79
125,60,17,24.14,84.52,6.79,80.36,cotton,13.1,3,5.24,9.83,363.34,8.25,5,12.48,15.89,56.38,2,46.37,3,58.53,1.22
113,37,20,25.03,79.04,7.39,97.1,cotton,20.72,3,11.8,7.46,379.08,2.74,2,18.58,41.24,141.13,3,16.31,2,92.68,2.97
131,52,16,23.66,84.48,6.49,88.54,cotton,29.05,1,7.64,6.24,428.99,2.25,4,6.77,30.72,132.27,3,22.57,2,80.85,1.16
115,48,16,25.54,84.09,7.18,88.94,cotton,13.53,1,7.17,19.04,424.15,8.77,3,11.45,70.13,104.44,3,32.93,3,69.79,1.6
113,38,25,22,79.47,7.39,90.42,cotton,23.39,2,6.68,6.98,358.79,5.09,2,11.48,23.53,83.36,3,5.83,2,44.93,2.06
111,41,18,23.64,78.13,6.11,80.96,cotton,25.7,2,5.04,8.6,385.57,1.94,3,19.08,58.01,189.56,3,34.01,1,80.93,3.02
111,53,19,23.96,78.03,6.42,84.63,cotton,24.61,1,9.93,16.28,403.66,2.82,4,12.36,78.03,132.23,1,5.91,2,82.35,2.68
122,48,16,24.65,75.64,6.31,61.83,cotton,23.95,1,8.93,7.06,364.27,8.65,1,5.43,95.86,110.12,2,32.86,3,28.01,2.54
108,46,17,24.3,84.88,6.93,65.02,cotton,10.89,2,10.08,3.94,399.77,3.71,3,14.42,4.95,73.31,3,36.26,1,54.6,1.72
132,41,22,24.29,81.02,7.81,90.42,cotton,18.17,3,6.95,18.45,396.54,9.24,5,13.85,3.67,158.88,3,30.11,1,52.91,1.79
103,42,17,24.29,84.62,6.53,81.06,cotton,10.95,3,10.15,3.42,388.46,5.58,3,11.25,74.92,111.67,2,15.61,1,16.76,1.2
133,50,25,25.72,81.2,7.57,99.93,cotton,12.36,2,5.81,19.26,446.25,2.7,5,5.75,24.37,198.86,3,24.52,2,77.74,4.81
127,37,18,24.88,76.3,7.04,91.92,cotton,21.43,1,5.46,12.99,394.96,6.65,5,16.27,74.74,150.16,2,6.77,1,13.49,4.11
110,39,25,22.61,77.34,7.21,75.14,cotton,19.21,2,8.27,8.37,434.33,6.35,3,14.13,45.95,69.17,3,32.36,2,86.86,4.5
131,38,19,23.87,75.68,6.81,90.45,cotton,14.08,1,11.75,19.22,438.6,9.97,6,8.63,12.65,190.94,2,17.71,2,58.67,1.47
108,38,24,23.41,76.44,7.44,78.82,cotton,22.91,3,11.18,5.48,382.52,9.3,3,17.04,59.27,53.44,2,40.68,2,36.17,3.57
122,40,17,24.96,81.32,6.85,80.04,cotton,21.08,2,9.36,2.93,433.32,7.5,6,6.15,25.58,147.56,1,35.11,1,8.43,2.94
111,50,15,25.17,80.3,7.88,84.62,cotton,16.45,1,8.92,3.68,414.68,8.43,6,15.49,25.39,167.77,1,43.92,1,1.52,3.83
140,40,17,22.73,77.08,6.01,77.55,cotton,28.65,1,11.11,2.98,382.22,2.34,1,15.19,25.09,165.17,1,19.88,1,60.93,1.91
100,40,20,22.45,76.26,7.43,86.85,cotton,12.81,1,11.81,11.22,403.98,6.41,5,11.89,89.56,143.71,1,6.2,2,29.11,1.1
123,50,16,23.05,75.54,6.5,70.66,cotton,13.86,2,9.35,9.95,384.14,6.86,1,10.92,12.99,147.24,3,22.02,3,21.81,2.28
107,36,21,25.29,75.67,6.21,62.64,cotton,13.75,2,8.58,15.36,352.18,2.71,2,8.12,14.45,134.68,3,44.58,3,11.6,4.57
118,50,19,22.96,82.34,6.36,66.48,cotton,28.13,3,7.35,19.49,431.95,5.36,5,5.82,65.83,166.1,2,17.96,1,80.69,2.93
103,51,20,22.8,84.15,7.05,91.64,cotton,23.6,2,8.27,2.87,360.13,1.83,1,6.68,31.24,165.66,2,3.85,2,10.58,3
133,57,19,23.54,75.98,7.95,84.13,cotton,18.5,1,5.46,13.26,388.53,7.76,5,10.59,32.7,72.34,2,32.21,3,39.84,3.33
129,47,20,24.41,80.8,6.28,98.6,cotton,25.66,3,9.04,10.1,371.81,4.21,6,14.65,58.86,150.89,2,30.75,3,83.58,1.27
116,52,19,22.94,75.37,6.11,67.08,cotton,11.3,3,10.08,14.59,360.94,4.75,5,13.22,65.11,104.52,3,3.67,2,2.37,4.88
114,40,23,25.54,81.14,6.75,95.43,cotton,19.54,3,8.21,9.61,354.14,3.73,5,18.67,29.68,187.63,1,0.82,2,15.6,4.06
131,60,17,25.32,81.79,7.43,83.47,cotton,11.37,2,8.82,0.32,392.42,9.83,3,19.75,13.42,72.98,3,29.77,2,64.16,3.25
107,43,18,22.43,81.53,6.75,65.54,cotton,23.4,2,8.92,7.8,379.02,5.07,5,8.45,50.74,133.75,2,43.97,2,29.7,2.87
123,44,21,25.79,75.01,7.64,91.4,cotton,16.99,1,11.12,0.73,398.32,4.89,2,19.3,93.83,115.46,2,23.42,2,46.64,4.88
112,49,25,25.69,77.91,6.47,66.19,cotton,16.55,1,8.1,0.96,353.74,8.94,3,11.45,75.58,196.3,1,27.06,1,64.4,2.94
119,44,15,22.15,82.86,7.09,60.65,cotton,17.93,3,8.97,19.03,397.31,1.4,3,19.6,23.7,114.74,1,48.87,1,48.35,2.98
130,59,19,25.07,82.5,6.52,93.51,cotton,18.39,3,11.62,4.59,411.61,2.79,6,18.52,79.95,111.55,3,31.86,2,41.46,4.16
127,53,24,22.22,76.18,6.13,70.41,cotton,28.29,1,10.65,12.28,406.36,3.31,1,19.11,42.57,118.82,2,16.76,2,14.75,2.87
134,52,18,23.96,76.59,7.99,76.13,cotton,20.19,3,11.22,5.9,422.77,4.73,6,16.96,28.92,124.5,2,2.85,2,66.31,1.35
109,36,18,25.4,76.53,7.52,62.51,cotton,24.23,3,8.61,6.52,365.19,7.51,1,17.04,95.87,95.96,1,10.98,2,22.29,3
100,48,17,23.78,83.04,7.83,66.27,cotton,28.18,2,7.25,16.84,411.76,9.85,2,8.1,99.22,98.67,2,14.36,2,34.83,3.21
132,52,19,24.16,76.74,6.44,61.95,cotton,19.9,3,10.8,19.34,381.54,2.54,2,7.81,65.41,103.66,3,38.19,1,32.22,2.09
102,37,25,25.31,77.92,5.91,72.83,cotton,18.18,1,5.18,18.13,356,3.37,1,15.56,31.55,115.07,1,0.6,2,83.39,4.26
111,39,22,22.6,80.35,6.14,88.57,cotton,25.07,1,10.09,17.57,377.56,3.83,6,14.47,54.37,64.68,3,36.62,1,42.53,2.39
117,51,15,22.95,78.72,6.04,99.75,cotton,25.77,1,5.59,8.39,431.13,9.18,6,8.57,81.98,147.88,3,35.89,3,23.29,3.31
136,36,24,22.74,80.41,7.6,90.07,cotton,13.47,1,6.06,15.52,400.34,9.8,6,6.64,72.72,182.1,3,47.59,1,75.96,4.14
134,56,18,23.81,83.92,6.69,70.97,cotton,22.87,3,9.07,11.83,404.53,9.34,2,12.79,87.26,199.32,3,30.5,3,83.97,4.44
112,54,15,25.46,81.57,6.18,76.89,cotton,22.76,2,7.39,6.15,398.15,5.7,4,19.75,44.22,82.3,2,13.96,3,15.73,3.84
105,56,15,25.97,81.98,7.27,74.14,cotton,13.02,3,11.81,0.18,396.09,5.01,3,14.88,30.05,117.21,2,22.32,1,44.93,4.18
140,45,15,25.53,80.05,5.8,99.4,cotton,24.06,2,11.51,14,428.98,3.32,5,7.8,73.1,74.79,1,4.25,1,74.9,4.17
126,46,25,24.44,81.7,6.76,60.8,cotton,27.9,2,11.75,3.6,443.27,7.43,6,15.55,79.44,152.93,2,3.1,3,83.22,3.2
106,49,24,23.04,76.47,6.98,90.65,cotton,11.07,2,6.88,6.63,427.93,7.76,5,14.07,85.94,135.44,1,39.28,3,29.6,2.28
121,53,19,23.51,76.73,7.98,80.11,cotton,28.91,1,7.93,1.08,414.54,7.98,4,12.86,93.43,59.97,3,40.84,1,67.06,4.86
108,60,17,22.76,76.76,6.56,97.77,cotton,27.2,2,9.35,3.47,408.67,1.42,4,7.4,67.17,128.67,2,17.1,3,22.64,1.8
116,56,17,24.71,77.73,7.98,85.25,cotton,27.26,1,8.1,17.29,375.7,6.87,6,8.53,10.78,82.92,2,34.33,2,5.65,1.28
100,52,19,23.46,82.45,7.9,93.5,cotton,18.15,1,6.26,18.71,358.38,7.9,6,19.13,11.59,101.24,2,29.81,2,47.27,1.12
129,43,16,25.55,77.85,6.73,78.58,cotton,18.25,2,9.85,19.35,403.51,6.9,6,16.14,16.93,127.1,2,19.21,1,85.22,1.71
118,44,23,22.08,82.83,6.69,67.06,cotton,11.98,3,9.93,10.41,428.91,4.47,4,11.42,82.31,188.87,2,3.98,2,53.78,1.76
117,43,25,24.69,78.51,7.84,69.31,cotton,11.86,3,5.82,1.28,392.34,5.99,4,14.8,14.02,152.51,3,39.73,3,26.54,2.5
126,37,21,25.85,84.17,6.61,77.03,cotton,27.25,2,9.06,4.48,354.46,3.38,4,16.57,70.03,158.86,1,10.39,3,12.22,1.02
120,48,16,22.46,75.41,7.46,71.85,cotton,19.11,2,7.23,3.8,441.95,7.04,5,16.89,64.98,59.8,1,40.47,1,8.29,4.56
102,45,16,23.66,77.52,7.29,74.9,cotton,20.02,2,7.69,15.21,444.95,6.91,2,9.02,67.84,78.21,3,44.91,2,43.92,3.35
131,56,20,22.01,81.84,7.76,92.24,cotton,19.29,3,7.58,6.33,386.35,6.94,5,14.65,52.87,75.58,1,30.27,1,80.54,4.74
114,40,17,24.33,80.13,6.36,69.45,cotton,22.07,2,9.27,3.26,432.27,9.95,4,14.56,44.74,71.2,2,15.79,2,9.17,4.46
101,37,18,22.92,82.69,7.64,92.92,cotton,20.76,2,8.62,6.72,409.31,1.12,4,17.91,77.39,144.47,2,2.36,1,43.81,4.97
106,46,20,23.44,78.63,6.2,81.15,cotton,22.22,2,6.67,14.61,387.55,6.99,4,13.43,17.56,136.96,3,7.24,3,81.89,3.25
113,38,20,22.11,78.58,6.36,74.94,cotton,26.09,3,10.2,17.76,404.26,8.31,3,15.62,25.08,100.13,1,23.7,3,77.3,1.2
102,53,21,23.04,76.11,6.91,91.5,cotton,14.06,1,10.2,12.18,363.6,1.05,5,7.36,91,197.71,3,12.85,3,21.13,4.24
110,39,18,24.55,75.4,7.77,63.88,cotton,23.51,2,9.14,10.58,354.95,8.44,3,15.12,45.64,183.16,1,3.12,3,90.86,4.42
107,58,15,23.74,75.78,7.56,76.64,cotton,17.98,1,10.03,16.67,408.18,1.64,6,19.25,98.53,132.69,1,45.03,1,99.63,4.01
120,60,15,22.32,83.86,7.29,65.36,cotton,13.81,1,8.35,14.33,391.09,5.78,6,14.92,45.28,95.54,2,28.82,3,42.64,3.24
89,47,38,25.52,72.25,6,151.89,jute,17.77,2,9.25,14.68,420.1,8.76,3,8,52.92,90.72,2,43.11,3,69.66,2.22
60,37,39,26.59,82.94,6.03,161.25,jute,20.42,1,6.08,11.76,369.79,2.11,1,9.89,83.45,100.41,1,16.81,1,7.42,3.35
63,41,45,25.3,86.89,7.12,196.62,jute,12.43,3,6.73,17.75,441.74,4.91,1,8.9,19.16,161.01,2,23.39,3,63.81,2.8
86,40,39,25.72,88.17,6.21,175.61,jute,16.51,3,11.27,8.99,386,8.53,2,6.43,71.06,135.45,1,16.86,3,32.05,4.27
96,41,40,23.58,72,6.09,190.42,jute,14.23,2,5.56,19.24,359.86,1.45,6,14.26,62.38,85.89,3,16.03,2,50.42,3.94
100,35,36,25.31,72.01,6.35,190.56,jute,17.99,2,10.26,8.99,400.33,4.83,2,9.46,60.36,88.94,2,20.73,1,49.93,3.35
63,37,43,23.42,85.09,6.66,185.74,jute,26.25,3,5.63,15.88,386.76,8.4,3,8.34,56.88,123.15,2,3.62,1,35.4,2.98
70,43,40,24.36,88.8,6.18,169.12,jute,27.02,3,9.5,16.36,371.89,3.44,4,9.47,63.62,73.49,3,24.83,2,11.58,2.37
67,55,44,26.28,75.15,7.25,182.27,jute,27.4,2,7.48,10.36,426.11,8.89,2,7.97,97.45,112.25,3,2.56,1,51.68,2.36
74,40,40,25.14,83.12,6.39,169.34,jute,21.11,2,10.8,18.53,410.85,8.02,4,17.47,71.53,79.67,2,20.95,1,75.12,2.12
89,53,44,24.89,71.92,7.32,150.25,jute,19.88,3,5.16,19,444.99,4.44,3,15.5,99.82,134.19,3,30.22,2,64.26,1.76
74,46,45,25.76,88.37,6.03,189.43,jute,20.08,3,11.22,9.73,360.32,9.81,2,13.26,85.1,194.11,1,5.55,1,48.76,1.62
89,41,38,23.13,74.68,6.34,199.84,jute,14.58,3,7.5,2.94,366.2,5.56,5,11.43,18.83,94.97,1,21.76,1,19.97,2.67
60,55,40,24.99,88.96,7.03,151.49,jute,12.1,3,9.08,5.48,374.53,6.4,1,19.92,59.48,71.63,3,47.68,2,85.23,2.7
67,43,38,25.22,70.88,7.3,195.86,jute,20.86,1,9.25,10.03,430.41,1.03,6,9.56,91.95,58.24,3,1.66,1,24.78,2.98
70,38,35,24.4,79.27,7.01,164.27,jute,25.55,2,10.94,0.61,407.8,5.12,5,13.7,90.71,170.15,1,6.48,2,46.53,3.27
74,49,38,23.31,71.45,7.49,164.5,jute,19.39,2,5.23,8.53,432.29,6.73,1,14.53,12.01,122.5,3,49.66,1,88.17,2.33
90,40,39,25.73,81.86,6.63,191.96,jute,29.95,3,5.4,13.51,377.28,4.03,2,5.5,16.87,106.33,1,7.42,1,1.43,4.05
82,35,44,26.97,78.21,6.24,169.84,jute,14.31,3,6.24,9.92,367.11,5.04,6,13.21,45.12,155.07,1,44.38,1,71.02,2.82
73,45,37,23.7,74.64,6.74,181.28,jute,21.56,3,7.83,10.84,394.66,8.57,2,11.39,65.69,146.46,1,22.22,3,38.22,3.88
85,53,38,24.9,73.84,6.59,153.9,jute,17.58,3,9.99,15.23,353.25,5.5,3,5.73,71.03,113.19,1,22.15,2,86.56,2.4
81,56,36,23.4,72.61,7.1,174.79,jute,14.64,3,9.08,16.32,435.96,2.04,5,6.91,45.89,163.76,1,41.79,2,90.84,4.15
84,55,38,26.87,79.79,6.96,173.1,jute,28.58,1,11.26,14.92,358.13,6.03,5,13.92,38.73,110.76,1,14.74,1,85.18,1.07
80,45,42,23.14,75,7.38,151.9,jute,10.27,3,5.12,9.58,413.44,5.82,3,12.38,92.17,126.87,2,32.98,3,87.54,3.73
76,54,45,24.29,77.63,6.18,184.98,jute,17.01,3,6.7,12.83,423.55,6.97,3,13.3,67.79,154.37,1,36.73,2,63.45,4.8
76,56,39,24.39,89.89,6.55,197.12,jute,12.25,1,11.43,7.17,417.65,8.95,2,19.35,34.17,188.98,1,20.12,3,62.17,2.58
81,40,45,25.76,80.76,6.43,174.51,jute,22.17,2,9.13,11.5,411.97,3.53,4,10.2,56.78,163.44,2,13.64,1,42.65,1.63
76,44,45,25.49,84.48,6.74,168.78,jute,26.66,1,5.26,17.45,416.73,1.84,4,11.13,22.37,116.42,3,26.64,2,41.92,2.15
69,47,40,25.37,76.24,6.13,183.83,jute,29.77,3,10.12,10.43,421.46,6.91,3,12.04,3.07,118.58,3,14.08,1,31.79,2.54
82,40,45,26.21,81.7,6.67,180.12,jute,29.67,2,8.65,11.02,406.37,6.78,3,15.44,55.75,62.46,2,21.43,1,44.29,3.07
69,57,35,24.31,78.54,6.19,186.23,jute,15.92,1,11.24,12.38,367.33,6.49,3,15.97,5.4,189.26,3,42.06,3,88.13,1.14
81,36,38,23.77,87.98,6.33,150.32,jute,15.89,1,9.47,17.68,367.19,9.45,2,14.63,35.83,145.04,2,4.64,1,83.79,2.89
67,60,38,24.8,78.53,7.16,162.28,jute,26.6,2,8.57,16.51,364.21,2.61,4,5.63,93.88,130.49,1,33.24,3,0.25,4.39
72,51,40,23.21,74.1,7.42,199.48,jute,11.14,2,10.38,9.58,402.47,4.11,6,7.29,16.24,77.82,3,6.04,3,12.58,3.24
65,39,45,23.67,70.89,6.77,184.46,jute,19.6,3,5.47,6.42,350.73,7.09,6,10.5,47.86,173.82,1,6.4,3,64.61,1.83
78,50,43,25.12,85.73,6.35,159.57,jute,17.35,1,5.06,19.89,438.71,2.6,4,7.74,25.5,129.78,3,27.72,3,66.06,1.09
77,52,41,23.89,83.46,6.1,167.72,jute,17.84,2,5.13,1.15,444.4,3.43,4,14.55,30.59,181.7,3,38.51,2,26.86,2.83
89,52,42,23.09,81.45,6.14,196.66,jute,29.63,2,6.14,11.27,363.01,8.77,3,18.79,10.94,104.26,1,3.04,1,90.33,2.32
62,49,37,24.22,82.85,7.48,166.14,jute,11.88,3,9.19,12.08,377.63,8.85,3,14.91,17.29,82.71,3,49.75,1,38.57,2.9
90,48,45,24.06,71.31,6.51,153.64,jute,14.49,3,6.13,19.46,380.85,5.11,3,17.49,14.97,144.03,1,47.46,1,41.71,2.97
66,47,36,24.85,74.44,6.57,175.57,jute,11.99,3,10.74,14.99,440.51,3.55,6,16.74,34.9,53.77,2,27.54,1,50.5,3.96
80,52,39,26.42,76.86,7.17,197.21,jute,12.03,3,11.5,18.34,429.65,9.13,2,19.05,9.73,191.92,1,20.86,3,3.12,3.59
89,52,45,24.89,77.01,7.21,196.47,jute,28.03,3,11.74,13.23,363.46,6.7,3,12.26,48.36,55.32,1,41.35,1,14.1,3.45
77,51,44,23.26,82.7,7.12,166.22,jute,26,1,6.7,18.43,355.51,5.18,4,19.49,85.35,79.38,1,34.8,3,52.05,4.03
94,37,41,24.76,87.06,6.46,179.16,jute,11.13,1,8.2,9.56,404.89,4.12,3,12.94,25.01,160.82,2,8.59,3,95.16,4.74
75,41,35,24.97,78.63,6.86,166.64,jute,14.32,3,10.97,10.97,383.11,1.6,6,14.47,87.15,159.06,2,45.2,1,92.19,2.97
60,55,36,26.13,80.49,7.13,150.63,jute,16.89,2,6.59,6.96,391.04,5.53,6,6.98,93.05,64.46,2,15.81,1,77.02,2.23
62,56,35,25.98,81.66,6.24,163.35,jute,26.31,1,7.48,13.64,431.94,9.62,5,19.51,38.34,139.84,1,32.82,1,65.83,4.11
84,40,42,26.28,73.36,6.7,186.69,jute,29.71,2,8.92,10.89,428.51,3.43,2,6.59,46.84,70.41,1,17.2,1,8.88,3.72
100,56,40,26.39,83.31,7.43,176.15,jute,11.01,2,9.18,2.3,427.35,4.5,3,8.31,56.61,83.13,3,23.72,3,2.12,1.82
75,56,44,25.27,73.75,6.11,168.04,jute,13.26,1,5.41,5.02,380.68,8.97,1,7.61,86.01,166.65,1,35.06,2,57.52,1.06
78,46,42,23.09,78.46,7.1,155.39,jute,11.14,1,10.02,16.79,437.49,8.4,4,18.32,52.89,194.25,1,3.54,2,6.87,4.29
82,48,36,25.79,81.77,6.35,193.24,jute,12.84,1,8.84,2.98,385.87,4.11,5,10.7,40.88,123.21,3,31.01,3,71.9,2.99
100,58,41,23.17,87.88,6.66,160.62,jute,18.74,1,7.5,3.97,438.79,3.53,4,10.1,58.91,124.88,2,5.32,3,8.04,2
88,50,40,25.63,79.95,7.05,182.26,jute,17.78,3,5.02,8.14,400.27,7.12,6,9.28,35.58,160.16,1,39.68,1,22.48,2.08
67,41,40,25.85,87.82,7.33,152.62,jute,26.82,1,6.14,9.99,383.94,7.69,5,5.43,87.93,84.75,1,27.7,2,53.55,2.06
72,42,43,26.57,80.9,6.35,181.29,jute,17.89,3,9.93,9.86,371.17,8.01,6,5.84,91.74,135.56,1,41.48,3,38.57,4.09
89,40,43,26.25,72.97,7.12,189.97,jute,23.96,1,5.25,4.66,389.42,8.33,3,18.95,44.23,189.48,3,31.71,3,39.38,3.49
89,57,43,26.92,73.2,7,177.22,jute,12.91,3,9.2,11.43,384.84,3.32,3,7.33,76.81,145.4,2,5.75,1,50.28,1.07
61,41,44,24.37,82.11,6.54,159.92,jute,21.17,3,6.21,18.65,365.49,1.22,6,15.27,38.76,95.99,3,28.03,2,10.28,3.71
79,45,43,25.72,79.16,7.17,187.17,jute,24.77,3,10.67,10.62,381.45,5.79,4,14.92,56.63,194.74,2,43.26,3,51.22,4.95
84,40,43,25.01,88.33,7.23,169.42,jute,12.08,3,9.06,11.85,428.21,7.94,4,14.82,37.62,114.77,1,21.27,2,91.49,1.77
98,43,35,25.41,76.44,7.32,188.64,jute,10.67,2,7.77,0.58,380.32,9.97,2,7.87,91.51,152.25,3,44.69,2,23.76,3.33
75,36,44,23.28,74.28,6.61,153.74,jute,28.93,2,7.43,9.7,368.2,4.37,5,18.96,10.01,170.76,2,23.03,2,75.88,2.67
89,58,35,23.99,82.09,6.1,167.06,jute,29.05,3,11.63,1.48,449.24,2.55,2,15.63,89.79,138.31,2,33.4,3,57.44,4.44
91,41,37,24.49,83.21,6.13,192.23,jute,13.21,1,11.63,11.78,421.68,3.55,2,6.08,46.52,109.47,1,0.02,3,73.81,3.81
77,48,36,25.87,84.1,7.36,154.84,jute,17.86,1,6.56,8.28,370.06,7.87,5,17.8,49.03,182.14,1,8.7,3,28.54,4.89
66,58,35,23.56,79.46,7.32,185.26,jute,22.5,3,5.86,2.39,362.42,2.15,4,6.75,14.74,125.26,2,10.55,2,75.16,3.49
62,59,41,24.22,74.89,7.18,192.49,jute,11.92,2,7.62,11.88,431.35,1.12,6,5.39,94.48,62.5,2,3.94,3,62.4,4.06
82,35,35,25.49,86.97,7.3,176.53,jute,17.61,3,11.48,6.26,429.55,6.81,1,7.26,56.87,96.17,1,37.02,2,60.39,2.38
61,41,35,24.97,79.48,6.84,195.76,jute,11.98,1,9.93,14.75,405.17,1.69,3,19.8,82.47,60.09,2,39.09,2,55.04,3
99,57,38,24.81,82.09,6.36,156.36,jute,19.28,1,6.33,18.41,381.65,2.87,2,9.19,62.28,100.15,3,41.73,1,55.53,2.84
70,42,43,23.17,76.67,6.51,157.12,jute,12.5,2,7.01,6.05,386.66,7.45,2,10.78,69.55,112.63,1,32.35,1,15.09,1.57
90,59,35,24.25,89.86,7.1,175.17,jute,19.44,1,9.36,18.68,354.13,6.33,4,12.62,76.38,185.74,1,25.33,1,40.4,4.97
73,43,42,26.58,78.01,6.31,154.82,jute,15.96,3,6.86,19.73,381.48,2.95,1,5.05,55.06,126.84,3,16.56,2,82.16,4.65
67,46,44,26.82,78.2,7.09,153.92,jute,23.95,1,10.8,4.84,357.15,3.3,3,6.3,75.24,109.79,1,35.1,2,75.56,4.97
84,37,42,25.5,81.13,6.69,169.93,jute,13.14,1,8.45,13.37,376.35,1.73,1,5.91,94.47,63.12,2,18.84,2,72.79,2.75
72,41,36,24.1,80.57,6.19,176.86,jute,29.32,1,10.84,18.63,364.27,1.66,6,6.52,69.35,142.45,3,42.13,1,19.06,3.99
71,56,37,23.19,86.21,6.49,176.1,jute,26.2,3,9.96,3.75,362.53,6.85,2,5.79,4.61,199.75,3,33.06,3,53.57,2.1
64,53,38,26.24,78.51,6.86,183.41,jute,10.12,2,5.12,6.6,435.28,3.89,6,7.13,4.49,172.22,1,44.08,3,4.09,3.11
65,54,39,23.75,71.15,7.12,160.09,jute,11.05,3,10.59,13.92,448.57,8.92,3,17.61,35.66,97.49,1,9.49,2,48.36,1.81
60,58,37,26.14,79.12,6.07,171.49,jute,26.42,3,11.36,15.66,435.76,9.4,1,10.27,93.59,199.34,1,12.11,1,64.1,2.93
86,39,43,26.15,71.24,6.43,193.1,jute,12.49,2,7.57,5.88,436.89,9.21,1,9.47,98.89,159.1,1,36.3,2,51.42,2.23
90,50,44,26.92,73.49,6.25,171.47,jute,23.76,1,9.42,15.5,419.78,6.09,5,12.84,4.72,154.7,3,35.15,2,62.55,4.17
91,38,36,26.52,77.17,7.29,157.85,jute,23.03,1,5.93,16.19,402.46,2.26,2,6.13,65.55,65.09,3,49.73,2,22.76,3.1
87,48,38,23.82,80.94,7.16,190.31,jute,18.56,3,11.66,13.54,422.06,3.94,5,12.58,95.47,138.02,3,31.9,2,46.07,4.7
72,41,36,26.51,86.84,6.07,152.98,jute,28.01,2,10.18,3.63,430.03,1.92,4,16.97,48.81,56.81,2,26.21,2,33.56,1.13
71,54,35,26.64,70.96,7.31,199.34,jute,11.56,1,9.94,16.65,404.7,4.4,1,9.36,34.58,198.86,1,20.51,2,80.13,3.32
82,46,41,23.33,79.8,6.58,187.31,jute,19.67,3,7.19,18.73,351.54,6.91,6,13.59,11.24,191.4,2,36.64,3,91.09,3.74
71,52,43,26.48,73.96,6.73,180.25,jute,12.52,2,7.24,18.34,405.87,2.2,5,15.9,40.6,127.21,3,24.71,3,53.22,3.03
80,43,43,23.79,74.37,6.01,172.64,jute,21.5,1,6.56,17.98,363.97,1.06,6,9.95,65.12,51.66,2,34.28,2,80.62,2.86
77,55,43,25.5,76,6.66,193.71,jute,11.09,3,8.41,12.05,439.74,3.51,2,11.66,75.52,99.07,1,0.46,2,61.43,4.79
95,57,41,23.25,73.65,6.43,184.77,jute,11.44,2,6.04,9.69,418.95,4.06,5,17.92,18.13,118.67,1,44.01,3,58.42,4.64
63,47,35,26.99,89.06,7.43,193.88,jute,23.94,2,5.05,19.69,431.56,4.6,4,12.53,35.6,105.32,3,37.9,2,68.33,3.65
93,43,38,23.61,86.14,6.99,150.24,jute,11.72,3,8.52,10.25,445.72,9.04,4,17.35,35.76,158.38,3,38.76,2,6.98,3.37
87,44,43,23.87,86.79,6.72,177.51,jute,12.31,3,8.48,12.61,394.31,8.32,1,10.87,54.8,138.82,2,0.23,3,18.25,4.66
88,52,39,23.93,88.07,6.88,154.66,jute,16.94,2,9.73,12.5,368.37,9.09,5,19.33,9.05,150.99,2,1.31,1,32.55,1.46
90,39,37,24.81,81.69,6.86,190.79,jute,15.93,1,11.67,17.42,410.03,2.82,1,17.43,98.51,193.14,2,30.06,3,11.27,4.57
90,39,43,24.45,82.29,6.77,190.97,jute,21.21,3,7.05,16.29,387.43,5.47,4,11.3,85.35,61.47,3,12.73,3,48.77,3.64
84,38,43,26.57,73.82,7.26,159.32,jute,10.63,2,11.07,15.33,389.98,2.15,1,9.95,51.02,51.35,2,49.6,2,94.94,4.68
91,21,26,26.33,57.36,7.26,191.65,coffee,16.92,3,8.32,12.49,383.77,9.28,5,14.08,38.82,194.41,2,34.6,3,80.6,4.05
107,21,26,26.45,55.32,7.24,144.69,coffee,20,2,6,16.67,376.59,1.34,5,16,0.95,62.75,2,34.57,2,7.24,2.28
83,38,35,25.71,52.89,7.19,136.73,coffee,11.58,2,5.6,1.71,387.82,7.55,3,5.27,17.87,169.43,3,38.12,3,56.07,1.19
108,24,31,24.13,56.18,6.43,147.28,coffee,13.43,1,11.34,4.32,414.72,8.1,5,11.65,23.15,177.34,3,14.84,1,55.74,4.24
116,28,34,23.44,60.4,6.42,122.21,coffee,23.83,2,6.95,3.2,441.57,9.64,1,9.43,71.38,172.24,1,28.82,1,36.52,4.23
116,23,25,23.41,52.27,6.87,139.37,coffee,26.87,3,6.74,8.42,373.98,3.79,6,13.39,0.75,118.8,3,34.37,3,67.43,2.37
109,31,27,23.06,50.41,6.97,164.5,coffee,17.17,3,8.79,6.48,380.54,7.86,5,9.23,6.75,194.02,2,17.61,1,79.86,2.38
89,25,34,23.08,63.66,7.18,129.88,coffee,19.45,2,8.92,15.02,440.72,2.99,1,17.04,64.21,71.74,3,27.89,2,84.93,1.27
118,18,32,27.65,51.11,6.35,122.84,coffee,12.87,3,8.2,9.11,425.15,1.09,5,9.17,42.27,109.66,2,21.35,3,8.54,1.66
111,32,34,25.47,69.35,6.39,171.38,coffee,26.42,1,5.58,3.84,402.81,3.39,5,17.56,47.87,186.78,1,24.53,2,35.27,4.47
84,36,28,26.74,55.55,6.12,140.63,coffee,25.93,2,6.87,8.2,421.7,4.76,1,7.53,39.53,132.54,1,20.3,1,30.64,4.57
85,33,25,26.21,52.51,6.91,189.09,coffee,26.92,2,7.72,10.36,435.42,9.5,4,10.88,64.55,57.68,2,45.5,2,96.27,4.68
99,15,27,27.04,57.28,6.5,165.69,coffee,16.94,3,6.69,9.51,377.3,2.16,1,18.14,81.65,92.93,1,25.03,3,38.74,3.82
81,30,31,24.65,51.94,7.03,135.14,coffee,22.03,2,9.47,16.91,355.84,5.77,5,18.88,75.65,176.59,1,20.54,2,44.19,1.2
95,39,29,27.35,55.99,7.13,148.98,coffee,25.98,1,8.76,8.12,425.7,6.72,1,5.11,52.07,109.22,1,47.42,2,69.71,3.58
81,34,30,25.18,62.26,6.65,135.01,coffee,24.83,1,7.81,18.5,382.87,6.29,4,17.42,84.03,68.38,2,7.14,3,97.7,2.5
80,15,28,23.11,68,6.7,161.89,coffee,25.92,2,7.77,8.65,391.09,3.93,1,19.01,32.09,102.84,2,2.69,2,6.55,3.9
104,20,26,27.23,52.95,7.49,175.73,coffee,14.88,3,9.46,2.47,350.74,3.63,1,7.77,94.85,175.31,2,2.16,1,34.13,2.6
109,29,28,23.26,60.52,6.72,194.18,coffee,18.13,3,6.59,11.22,378.03,2.16,1,5.16,98.35,72.07,2,46.07,1,84.33,3.78
100,32,26,25.23,57.53,6.04,124.23,coffee,23.49,2,6.57,1.83,354.54,2.77,5,6.47,3.31,153.88,3,21.11,3,60.42,2
100,24,28,25.6,57.73,7.1,195.77,coffee,23.64,3,9.48,6.25,402.9,6.2,3,19.12,3.9,187.74,3,10.67,2,64.67,2.48
83,21,28,25.57,60.49,7.47,190.23,coffee,20.17,3,9.5,7.87,364.64,5.54,2,7.93,68.01,126.43,1,3.59,1,4.29,1.44
120,23,28,25.67,51.29,6.88,196.27,coffee,21.98,1,8.4,11.13,384.43,5.91,4,15.38,95.03,171.99,2,40.04,2,64.23,4.54
104,26,30,24.41,62.66,6.41,148.7,coffee,20.85,2,8.59,9.74,396.3,3.84,4,10.45,23.99,175.6,2,43.08,2,29.9,2.03
108,33,31,23.69,66.76,7.39,144.66,coffee,17.96,1,10.91,5.8,402.5,2.1,5,7.97,14.59,69.12,1,27.03,2,49.93,4.11
91,25,26,24.53,67,7.48,180.51,coffee,29.21,3,7.54,6.9,391.11,8.4,5,16.78,16.44,75.27,3,48.03,2,46.47,1.94
86,26,27,27.13,52.89,6.08,192.43,coffee,17.62,3,5.16,6.87,371.45,8.98,5,7.83,21.8,131.16,1,30.18,3,4.9,1.32
98,18,27,27.56,68.49,6.52,167.44,coffee,17.47,1,7.55,19.82,370.75,2.76,2,6.62,75.45,120.8,1,33.7,3,81.71,2.77
111,27,31,23.59,55.28,6.04,191.4,coffee,27.92,1,11.58,10.88,394.32,5,6,8.36,12.22,158.2,3,3.45,2,28.64,2.39
84,39,35,23.18,52.14,6.96,117.31,coffee,18.7,2,10.48,11.11,439.49,6.33,5,7.91,38.28,152.25,1,30.95,3,14.7,4.63
98,27,27,24.71,51.29,7.24,197.64,coffee,17.69,2,9.62,15,396.57,4.68,4,13.19,35.07,135.37,1,2.78,3,63.37,4.56
118,21,34,24.39,64.73,7.23,119.63,coffee,26.02,3,9.81,14.03,418.59,5.35,1,15.5,44.23,75.29,3,2.16,3,18.14,3.52
103,27,31,27.16,51.59,6.69,126.18,coffee,19.82,2,7.54,8.29,353.24,5.36,1,16.17,58.48,165.55,3,20.49,1,88.7,3.33
82,24,33,26.54,67.1,6.81,120.65,coffee,28.96,1,6.21,15.09,372.03,4.78,1,13.44,31.96,92.54,3,39.85,1,9.36,4.08
86,31,35,27.01,60.77,6.49,191.45,coffee,10.89,2,6.8,16.33,433.08,6.64,6,19.34,82.69,127.29,2,8.73,1,7.9,1.94
88,35,35,27.56,58.46,6.78,117.94,coffee,23.34,1,11.37,6.91,390.03,4.26,6,5.3,44.01,82.73,1,46.11,3,32.83,2.99
84,27,29,23.32,53,7.17,168.26,coffee,12.46,2,5.16,6.58,377.13,6.7,4,18.96,43.89,89.17,3,42.17,3,50.89,4.53
120,40,33,24.24,54.3,6.73,115.16,coffee,18.56,3,8.58,13.29,421.42,6.08,6,5.7,5.92,114.84,1,38.83,1,91.76,2.69
106,40,30,23.43,64.11,6.78,122.68,coffee,19.8,1,5.38,15.25,363.62,9.61,5,9.43,25.49,93.1,3,9.85,2,27.83,4.99
113,21,33,26.02,55.83,7.28,176.9,coffee,18.47,1,7.61,10.48,404.84,5.22,2,15.29,8.03,65.69,3,24.95,1,42.51,2.93
117,34,25,24.84,56.77,7.21,124.41,coffee,13.94,2,7.42,0.16,384.14,2.02,2,11.44,30.65,166.58,3,11.64,3,51.71,3.81
80,30,25,26.24,65.64,7.49,148.38,coffee,17.74,3,10.07,5.18,376.26,2.44,2,8.24,16.82,182.68,3,31.49,3,8.85,1.57
88,21,27,24.43,66.02,7.23,181.64,coffee,26.45,1,8.07,11.58,419.99,8.13,2,7.47,54.99,66.89,3,19.26,2,67.35,3.22
113,33,34,26,62.14,6.56,153.48,coffee,13.81,3,7.01,0.03,444.24,7.54,5,8.39,84.18,124.5,3,10.79,2,65.73,4.89
87,23,28,26.22,62.27,6.98,193.75,coffee,10.99,3,6,9.57,354.5,2.68,3,17.46,42.39,115.1,2,36.34,2,14.94,1.76
113,15,29,27.1,63.55,6.78,190.24,coffee,26.87,1,10.33,14.83,423.36,6.65,2,12.11,91.98,60.64,1,1.51,2,96.07,3.86
98,29,30,25.64,61.03,6.22,199.47,coffee,14.96,2,7.2,8.29,422.85,1.18,3,16.52,32.48,126.58,3,1.82,1,97.63,2.23
97,29,27,27.75,54.37,7.21,139.86,coffee,18.27,3,5.53,19.58,377,1.85,1,17.16,61.73,138.38,2,19.29,1,85.64,2.19
85,35,32,26.25,54.29,6.85,133.11,coffee,15.18,1,6.92,10.93,352.29,8.3,5,5.55,71.45,135.72,2,6.83,3,26.53,2.93
82,29,35,26.67,52.24,6.25,156.15,coffee,20.36,3,7.97,12.15,432.8,6.77,6,15.91,46.38,79.34,2,27.84,1,79.1,3.82
103,33,25,27.1,55.75,6.91,139.5,coffee,15.58,3,11.05,6.4,374.81,9.63,4,12.73,61.65,93.76,1,42.78,1,25.13,4.84
112,17,28,27.63,61.26,6.78,196.65,coffee,23.63,2,9.52,3.11,424.16,5.71,1,11.07,86.65,192.23,2,39.42,1,9.27,2.27
99,19,33,27.54,55.52,6.27,130.64,coffee,24.57,1,10.26,1.13,359.1,8.77,3,11.08,32.64,189.87,3,19.01,1,85.12,3.48
120,20,34,23.57,50.56,6.91,130.38,coffee,21.86,3,11.68,8.05,357.96,7.94,5,16.01,16.57,89.48,3,0.52,3,47.25,2.12
114,27,28,24.99,57.93,7.16,192.87,coffee,19.03,2,10.14,10.31,411.31,3.19,6,15.2,22.84,123.46,1,10.08,3,21.74,3.24
100,40,35,27.56,54.41,6.96,177.82,coffee,22.44,1,5.48,15.15,387.77,6.28,3,8.22,66.21,174.46,3,28.5,1,66.14,3.75
108,35,25,23.98,61.11,6.97,161.53,coffee,14.45,2,10.9,8.41,422.94,7.35,1,14.65,47.82,108.46,3,36.83,1,48.35,3.28
115,31,30,24.23,67.38,6.84,122.41,coffee,26.41,3,10.18,0.95,431.6,3.15,1,5.22,41.87,194.62,1,28.94,2,20.11,3.79
87,28,30,25.6,68.66,6.54,168.84,coffee,13.88,2,5.69,15.18,379.34,4.51,4,15.62,23.85,148.19,3,16.81,1,98.93,1.16
82,24,26,24.31,53.57,6.09,184.41,coffee,13.63,2,10.79,10.8,409.32,3.86,6,8.82,16.52,111.13,1,33.55,3,66.47,1.16
94,26,27,26.37,52.26,7.46,177.32,coffee,14.92,3,5.05,16.5,406.97,3.55,3,6.53,73.42,196.28,1,49.17,3,10.71,3.78
87,28,35,26.56,57.16,6.76,152.06,coffee,28.34,3,8.67,1.52,399.39,5.44,2,18.88,44.33,127.14,3,1.12,2,95.08,3.79
118,40,35,26.35,58.51,7.46,121.56,coffee,10.53,3,10.98,11.57,385.55,8.95,5,8.28,34.35,85.29,2,45.82,1,87.6,1.53
87,38,29,25.2,57.88,6.65,156.15,coffee,27.71,3,10.14,8.03,426.62,5.97,2,10.9,30.47,96.42,3,27.34,2,72.39,4.18
92,40,30,23.36,55.19,6.03,171.7,coffee,26.86,2,6.8,14.2,422.03,9.78,2,8.97,83.31,110.29,1,23.51,3,80.32,2.09
97,22,26,23.61,59.69,6.07,185.16,coffee,12.62,3,6.91,17.36,369.75,4.83,5,19.57,38.86,180.4,3,42.53,3,84.74,2.7
99,40,32,24.18,69.95,7.05,163.27,coffee,28.39,2,10.98,0.4,437.01,8.63,2,6.2,97.92,131.23,1,36.21,3,94.9,1.97
89,28,33,26.44,53.84,6.99,175.37,coffee,19.5,3,7.93,5.06,412.61,2.87,1,18.41,68.68,152.12,2,22.3,2,99.96,2.3
112,39,29,26.12,63.37,6.73,147.8,coffee,13.13,1,10.81,1.94,400.93,8.65,6,13.48,80.07,178.04,1,37.76,3,26.82,1.68
111,28,26,27.77,64.48,6.94,192.71,coffee,10.7,1,7.78,15.23,354.52,2.77,4,11.99,32.28,64.63,2,13.44,1,4.56,3.67
114,20,26,25.56,62.67,7.28,193.59,coffee,20.08,1,9.53,10.69,402.99,4.08,5,17.72,1.45,135.69,2,31.07,3,6.33,1.25
117,26,30,27.92,67.97,7.08,115.23,coffee,19.74,2,5.32,13.04,355.01,5.05,5,13.31,36.05,59.71,3,5.42,3,82.64,3.15
111,29,31,26.06,52.31,6.14,161.34,coffee,11.83,1,5.3,4,437.52,9.01,6,17.97,70.13,66.67,1,9.66,1,73.83,3.5
119,30,28,26.36,64.58,6.51,163.63,coffee,29.31,3,11.32,9.53,364.84,6.02,6,5.52,3.8,174.33,2,31.01,1,9.49,3.5
116,40,33,24.91,54.15,7.04,129.55,coffee,10.22,2,9.52,18.53,417.54,6.35,2,16.59,15.39,159.71,1,39.59,1,60.88,4.87
95,37,35,27.31,68.42,6.35,192.43,coffee,18.2,1,8.71,13.79,388.72,9.43,6,17.88,70.77,66.28,1,43.88,3,99.05,2.98
86,40,33,26.14,52.26,7.43,136.3,coffee,26.43,2,5.95,19.46,394,1.97,2,12.4,31.25,179.6,3,32.79,2,81.82,2.58
117,37,32,23.11,67.06,6.79,162.58,coffee,23.58,1,5.64,10.9,394.81,4.9,1,17.75,15.2,111.91,3,2.01,2,78.74,4.59
105,18,35,23.53,68.44,6.74,171.88,coffee,18.52,1,8.67,17.18,400.65,5.91,5,11.33,22.74,109.21,2,14.84,3,84.05,4.7
109,23,25,25.12,68.48,7.01,194.88,coffee,18.22,3,8.98,8.75,434.27,3.24,1,13.8,38.45,179.57,3,44.99,2,94.16,3.59
80,18,31,24.03,58.85,7.3,134.68,coffee,18.44,2,7.52,5.13,422.24,4.96,6,15.88,31.1,91.96,2,20.52,1,78.24,3.35
101,31,26,26.71,69.71,6.86,158.86,coffee,28.75,2,9.85,13.56,379.52,7.48,1,17.46,17.83,77.12,1,26.87,1,19.84,1.24
103,33,33,26.72,50.5,7.13,126.81,coffee,27.9,1,11.66,2.32,438.37,6.27,3,19.35,81.89,106,1,6.01,1,39.23,3.47
93,26,27,24.59,56.47,7.29,137.7,coffee,27.09,2,9.43,10.28,393.02,4.37,5,15.61,56.87,198.92,1,39.15,1,49.97,1.36
104,35,28,27.51,50.67,6.98,144,coffee,10.08,1,11.33,4.95,351.15,9.51,5,17.03,5.97,164.87,3,36.25,2,15.24,4.1
116,36,25,27.58,58.53,6.17,156.68,coffee,23.32,1,8.95,2.43,421.13,5.95,1,10.76,25.29,77.71,1,13.32,1,70.73,3.46
107,38,29,26.65,57.57,6.35,145.11,coffee,29.83,3,5.32,10.14,376,3.12,4,15.19,3.97,64.42,2,13.29,2,49.69,3.18
101,33,33,26.97,62.02,6.91,142.86,coffee,13.8,3,8.17,9.25,395.22,5.43,2,14.27,2.89,169.05,2,15.74,3,92.33,2.05
107,31,31,23.17,52.98,6.77,153.12,coffee,18.3,3,6.43,19.68,387.02,9.13,6,13.61,56.26,167.95,1,49.19,2,30.92,2.8
99,16,30,23.53,65.44,6.39,186.17,coffee,12.64,1,9.92,2.38,410.45,4.7,2,13.05,47.3,56.84,1,21.55,3,40.23,2.67
103,40,30,27.31,55.2,6.35,141.48,coffee,13.19,1,11.48,19.11,416.92,4.26,5,19.21,5.55,98.22,1,0.39,1,54.09,1.86
118,31,34,27.55,62.88,6.12,181.42,coffee,13.51,1,11.13,19.49,408.14,7.9,2,11.99,18.6,146.36,2,22.82,3,17.75,4.13
106,21,35,25.63,57.04,7.43,188.55,coffee,28.48,1,5.42,0.66,407.42,4.56,2,17.45,41.25,82.2,1,34.92,3,75.57,4.56
116,38,34,23.29,50.05,6.02,183.47,coffee,28.44,1,8.13,4.97,374.29,5.42,5,18.19,24.32,78.33,2,1.74,2,87.94,1.99
97,35,26,24.91,53.74,6.33,166.25,coffee,22.85,3,5.49,11.21,429.5,1.98,4,6.83,47.23,125.68,3,33.26,2,38.22,1.18
107,34,32,26.77,66.41,6.78,177.77,coffee,10.7,1,10.33,19.19,439.08,4.72,5,18.6,87.43,185.83,3,31.42,1,77.72,4.11
99,15,27,27.42,56.64,6.09,127.92,coffee,12.2,3,6.07,10.6,405.26,4.14,6,15.42,36.96,198.54,2,18.8,3,22.34,4.19
118,33,30,24.13,67.23,6.36,173.32,coffee,28.99,3,11.1,13.84,360.48,1.6,5,12.96,79.68,86.72,2,38.81,3,41.78,2.45
117,32,34,26.27,52.13,6.76,127.18,coffee,13.64,2,8.1,16.54,415.51,8.93,6,16.87,31.01,72.19,2,8.4,3,49.62,4.12
104,18,30,23.6,60.4,6.78,140.94,coffee,23.91,3,8.64,14.48,413.12,6.4,3,14.65,3.57,175.1,3,26.78,2,47.27,2.76
